Date,Open,Close,High,Volume
2020-06-09,52.65,53.15,53.5,17840800.0
2020-06-08,54.5,53.7,54.63,22850600.0
2020-06-05,52.65,53.72,54.81,34110700.0
2020-06-04,48.86,51.22,51.97,34830800.0
2020-06-03,48.04,48.91,49.41,34662100.0
2020-06-02,46.49,46.81,46.84,23035600.0
2020-06-01,47.49,46.34,47.66,21809100.0
2020-05-29,46.61,47.9,48.02,26337000.0
2020-05-28,48.7,46.47,48.79,38289300.0
2020-05-27,45.95,49.45,49.58,56071500.0
2020-05-26,46.22,45.79,46.68,24303900.0
2020-05-22,45.15,44.93,45.31,13385400.0
2020-05-21,46.5,45.22,46.56,17445300.0
2020-05-20,46.5,46.63,47.04,17876500.0
2020-05-19,45.77,45.11,46.22,17389500.0
2020-05-18,45.83,45.91,46.15,20307800.0
2020-05-15,43.27,44.4,44.77,28803900.0
2020-05-14,43.06,45.72,45.77,27543500.0
2020-05-13,45.86,43.52,45.88,35117500.0
2020-05-12,48.52,45.68,48.56,26738900.0
2020-05-11,47.74,48.2,48.72,17353500.0
2020-05-08,47.29,48.25,48.45,17437100.0
2020-05-07,47.11,46.59,47.5,16372100.0
2020-05-06,46.06,46.08,47.11,22011900.0
2020-05-05,45.45,45.4,46.95,21007500.0
2020-05-04,44.18,44.45,44.68,21377100.0
2020-05-01,46.36,45.06,46.91,28194000.0
2020-04-30,49.47,47.88,49.58,28585400.0
2020-04-29,46.58,49.83,50.13,35743000.0
2020-04-28,46.2,45.31,47.68,25234900.0
2020-04-27,45.0,45.27,45.38,16667200.0
2020-04-24,43.79,44.15,44.31,16581800.0
2020-04-23,43.81,43.77,44.72,22273100.0
2020-04-22,43.11,43.9,44.2,21346600.0
2020-04-21,43.0,41.4,43.06,32482200.0
2020-04-20,44.52,43.4,45.08,30463300.0
2020-04-17,46.77,45.7,46.88,23388300.0
2020-04-16,47.02,45.52,47.2,26589000.0
2020-04-15,46.4,46.43,46.65,22389400.0
2020-04-14,47.0,47.61,48.38,25738000.0
2020-04-13,44.9,46.16,46.38,30449900.0
2020-04-09,49.29,46.13,49.81,39799400.0
2020-04-08,47.08,48.29,48.68,27694400.0
2020-04-07,48.09,46.54,48.36,34646400.0
2020-04-06,43.34,46.36,46.68,37899100.0
2020-04-03,40.97,41.22,41.86,28522400.0
2020-04-02,39.79,41.09,41.59,31457700.0
2020-04-01,40.54,39.88,42.29,37452800.0
2020-03-31,44.4,42.06,45.16,36723700.0
2020-03-30,44.16,44.52,45.56,33763900.0
2020-03-27,43.25,43.47,45.27,39791500.0
2020-03-26,44.9,44.79,45.75,62450700.0
2020-03-25,43.9,42.5,44.88,54091000.0
2020-03-24,41.81,43.27,44.41,45588000.0
2020-03-23,36.99,38.25,39.47,45286000.0
2020-03-20,37.77,36.11,38.59,37667400.0
2020-03-19,34.65,36.29,37.29,31015200.0
2020-03-18,34.25,34.68,36.56,36519000.0
2020-03-17,35.49,37.38,39.13,34869000.0
2020-03-16,37.34,34.47,39.13,36879100.0
2020-03-13,41.56,42.99,43.02,35264800.0
2020-03-12,39.4,38.81,42.54,40117200.0
2020-03-11,46.2,43.72,46.31,38483800.0
2020-03-10,48.15,47.86,48.25,31652900.0
2020-03-09,45.47,45.97,48.59,31260800.0
2020-03-06,52.2,51.47,53.18,30313700.0
2020-03-05,53.45,53.72,55.61,26223000.0
2020-03-04,53.02,55.29,55.38,28222000.0
2020-03-03,54.59,51.79,55.4,36893200.0
2020-03-02,53.2,54.59,54.68,33272700.0
2020-02-28,48.65,52.56,52.91,40121300.0
2020-02-27,50.63,50.58,52.84,36349200.0
2020-02-26,52.65,52.36,54.27,28075600.0
2020-02-25,54.84,52.09,55.45,41894200.0
2020-02-24,53.31,55.0,55.45,33321100.0
2020-02-21,58.63,56.99,58.72,27038900.0
2020-02-20,59.88,59.0,59.99,20797100.0
2020-02-19,58.58,59.99,60.25,23335500.0
2020-02-18,57.06,57.75,58.04,21513200.0
2020-02-14,60.15,58.5,60.56,20920200.0
2020-02-13,59.0,59.33,60.63,23679700.0
2020-02-12,59.04,59.27,61.18,47180800.0
2020-02-11,57.88,57.25,58.84,26776900.0
2020-02-10,56.29,57.33,57.34,15929000.0
2020-02-07,57.97,56.88,58.0,20891100.0
2020-02-06,58.08,58.68,59.16,23358700.0
2020-02-05,57.02,56.77,57.25,19795300.0
2020-02-04,55.29,55.5,56.02,19998600.0
2020-02-03,53.25,53.77,54.11,20471900.0
2020-01-31,55.15,53.09,55.2,28550800.0
2020-01-30,54.18,55.02,55.06,30783800.0
2020-01-29,55.99,55.29,57.18,19278300.0
2020-01-28,56.25,56.47,56.77,18544900.0
2020-01-27,55.15,55.4,55.99,27310100.0
2020-01-24,60.0,57.75,60.02,28555300.0
2020-01-23,60.33,59.2,60.56,26146100.0
2020-01-22,59.52,59.16,60.25,22604400.0
2020-01-21,57.36,58.97,59.18,24821700.0
2020-01-17,58.02,57.65,58.11,20549200.0
2020-01-16,56.79,57.68,57.84,22732700.0
2020-01-15,57.02,56.16,57.11,21638600.0
2020-01-14,57.79,57.52,58.29,26454300.0
2020-01-13,57.0,57.45,57.77,16163000.0
2020-01-10,57.47,56.66,57.5,19122800.0
2020-01-09,58.31,57.31,58.47,22376100.0
2020-01-08,58.09,57.52,58.38,29730800.0
2020-01-07,55.38,58.27,58.4,49908200.0
2020-01-06,53.75,53.56,54.13,18768700.0
2020-01-03,54.15,54.52,55.31,16815800.0
2020-01-02,54.84,55.38,55.49,20173200.0
2019-12-31,52.9,53.77,53.9,13296400.0
2019-12-30,53.77,53.2,53.88,15271500.0
2019-12-27,55.24,54.02,55.52,17176700.0
2019-12-26,55.45,55.11,55.65,13537400.0
2019-12-24,55.45,55.41,55.63,8621900.0
2019-12-23,55.22,55.4,56.11,23693800.0
2019-12-20,54.9,55.06,55.93,44285000.0
2019-12-19,55.0,54.52,55.29,55792900.0
2019-12-18,53.0,53.04,53.72,39099100.0
2019-12-17,53.99,53.0,54.0,28344800.0
2019-12-16,52.75,52.93,54.29,38629600.0
2019-12-13,51.02,51.2,52.31,30039700.0
2019-12-12,49.36,50.97,51.33,36590800.0
2019-12-11,47.75,49.25,49.34,22081300.0
2019-12-10,47.04,47.45,47.91,19263100.0
2019-12-09,47.56,46.45,47.77,16540500.0
2019-12-06,47.43,47.93,48.33,20468100.0
2019-12-05,46.7,46.61,47.4,13003800.0
2019-12-04,46.18,46.29,46.59,16921700.0
2019-12-03,45.11,45.22,45.4,20321400.0
2019-12-02,47.56,46.38,47.95,16053800.0
2019-11-29,47.93,47.5,47.95,7343600.0
2019-11-27,47.34,48.15,48.27,15409400.0
2019-11-26,47.65,46.72,47.66,12849300.0
2019-11-25,46.09,47.52,47.54,18803600.0
2019-11-22,45.93,45.86,46.38,11253700.0
2019-11-21,45.29,45.54,46.18,14192900.0
2019-11-20,46.15,45.56,46.5,24660700.0
2019-11-19,48.11,46.58,48.18,18384000.0
2019-11-18,47.95,47.81,48.4,12631200.0
2019-11-15,47.59,47.7,48.52,17859200.0
2019-11-14,46.11,46.79,46.83,11797400.0
2019-11-13,46.5,46.29,46.54,15423600.0
2019-11-12,46.79,46.9,47.68,15170700.0
2019-11-11,46.72,46.25,46.74,14635900.0
2019-11-08,47.56,47.18,48.0,18518800.0
2019-11-07,48.52,48.4,49.08,19253600.0
2019-11-06,48.15,47.68,48.29,21803600.0
2019-11-05,49.61,48.68,49.72,13682600.0
2019-11-04,49.38,49.59,49.9,16021500.0
2019-11-01,47.47,48.38,48.54,18311700.0
2019-10-31,47.27,47.54,47.88,15445800.0
2019-10-30,48.22,47.88,48.34,12932800.0
2019-10-29,48.79,48.11,49.16,12183600.0
2019-10-28,48.5,48.68,48.75,15240000.0
2019-10-25,47.27,48.02,48.27,19855300.0
2019-10-24,45.9,47.09,47.15,25760200.0
2019-10-23,44.04,44.65,44.81,13959200.0
2019-10-22,45.29,44.65,45.7,13802400.0
2019-10-21,43.95,45.22,45.29,15473700.0
2019-10-18,44.83,43.47,44.97,26215300.0
2019-10-17,45.77,45.5,46.11,11718700.0
2019-10-16,45.99,45.15,46.54,16646900.0
2019-10-15,45.2,46.45,46.54,17767700.0
2019-10-14,44.95,44.86,45.33,12443300.0
2019-10-11,44.38,45.09,45.81,27483700.0
2019-10-10,42.86,43.27,43.79,15572600.0
2019-10-09,43.18,42.88,43.38,12784000.0
2019-10-08,43.59,42.63,43.84,20664600.0
2019-10-07,44.29,44.15,44.72,14911600.0
2019-10-04,43.7,44.54,44.61,21860000.0
2019-10-03,42.0,43.45,43.49,23627100.0
2019-10-02,41.81,41.97,42.66,26408500.0
2019-10-01,43.09,42.29,43.34,28087300.0
2019-09-30,43.0,42.84,43.47,31423100.0
2019-09-27,45.9,43.2,45.91,75941400.0
2019-09-26,49.38,48.59,49.74,33341000.0
2019-09-25,48.47,49.47,49.7,23571800.0
2019-09-24,49.74,48.5,49.9,24959000.0
2019-09-23,49.54,49.59,50.18,16198500.0
2019-09-20,50.34,49.15,50.45,23195000.0
2019-09-19,51.16,49.81,51.29,16633600.0
2019-09-18,51.0,50.47,51.16,15247100.0
2019-09-17,50.18,50.84,50.9,13776500.0
2019-09-16,49.52,50.15,50.24,17495300.0
2019-09-13,50.5,50.5,50.95,14733000.0
2019-09-12,50.79,50.43,51.11,19671300.0
2019-09-11,50.02,50.47,51.38,31012900.0
2019-09-10,49.36,49.38,49.93,23111300.0
2019-09-09,49.54,49.13,50.0,19474400.0
2019-09-06,48.86,48.97,49.5,19565700.0
2019-09-05,47.9,49.02,49.63,33075500.0
2019-09-04,46.45,46.81,47.5,26978100.0
2019-09-03,44.59,44.99,45.33,17108100.0
2019-08-30,45.11,45.27,45.93,16391500.0
2019-08-29,43.99,44.66,45.22,18674100.0
2019-08-28,42.09,43.15,43.25,11545700.0
2019-08-27,43.7,42.43,43.79,19122100.0
2019-08-26,43.74,43.43,43.77,12282800.0
2019-08-23,43.88,42.95,44.97,27519900.0
2019-08-22,44.5,44.77,45.45,20599000.0
2019-08-21,44.81,44.16,45.0,14973800.0
2019-08-20,44.84,44.22,44.97,13191000.0
2019-08-19,44.66,45.0,45.36,22613400.0
2019-08-16,42.63,43.54,43.88,17914100.0
2019-08-15,42.34,42.24,42.56,16104000.0
2019-08-14,42.88,42.04,43.15,24657200.0
2019-08-13,42.61,44.16,45.08,33040200.0
2019-08-12,41.04,42.13,42.4,23969200.0
2019-08-09,42.04,41.52,42.24,22900300.0
2019-08-08,42.09,42.63,42.75,18567500.0
2019-08-07,42.0,41.75,42.95,35604600.0
2019-08-06,42.66,42.61,43.18,26857000.0
2019-08-05,42.4,41.93,42.5,35172900.0
2019-08-02,42.63,44.08,44.4,31954100.0
2019-08-01,45.0,43.59,45.95,37906500.0
2019-07-31,46.7,44.88,46.79,34493900.0
2019-07-30,46.88,47.45,47.68,21301600.0
2019-07-29,46.86,46.81,46.97,21939500.0
2019-07-26,47.93,47.49,48.13,19676200.0
2019-07-25,48.4,47.77,48.7,28127800.0
2019-07-24,46.95,47.99,48.22,33169900.0
2019-07-23,46.77,46.95,47.13,29354400.0
2019-07-22,46.5,47.18,47.43,46042800.0
2019-07-19,45.13,45.52,46.0,39328400.0
2019-07-18,43.61,44.66,44.93,26456600.0
2019-07-17,43.0,43.36,43.75,19539300.0
2019-07-16,44.04,43.06,44.09,31238900.0
2019-07-15,44.68,44.4,45.27,26623300.0
2019-07-12,43.75,44.5,44.7,33257800.0
2019-07-11,43.22,43.47,43.54,30392400.0
2019-07-10,42.22,42.9,44.0,51625500.0
2019-07-09,40.13,41.34,41.4,28254700.0
2019-07-08,39.02,40.4,40.61,28148500.0
2019-07-05,38.95,39.41,39.56,18408000.0
2019-07-03,39.61,39.59,39.77,13479700.0
2019-07-02,39.61,39.59,40.02,29774500.0
2019-07-01,41.15,40.11,41.7,60928000.0
2019-06-28,39.36,38.59,39.4,61402700.0
2019-06-27,36.84,38.06,38.33,51612400.0
2019-06-26,35.86,37.04,37.61,100271600.0
2019-06-25,33.34,32.68,33.88,39590500.0
2019-06-24,33.2,33.18,34.08,27306000.0
2019-06-21,33.7,33.25,33.88,38858200.0
2019-06-20,34.84,34.15,35.25,21691500.0
2019-06-19,34.68,33.93,34.68,20436400.0
2019-06-18,32.9,34.29,34.88,33727300.0
2019-06-17,32.54,32.43,32.84,20050000.0
2019-06-14,32.45,32.65,32.84,19715000.0
2019-06-13,33.08,33.38,33.63,16586700.0
2019-06-12,34.0,32.95,34.09,28746500.0
2019-06-11,35.79,34.84,35.99,19208600.0
2019-06-10,34.59,34.93,35.54,21728000.0
2019-06-07,33.54,33.99,34.02,21430400.0
2019-06-06,33.25,33.47,33.81,21088100.0
2019-06-05,35.2,33.34,35.4,27070300.0
2019-06-04,33.36,34.49,34.56,25076000.0
2019-06-03,32.95,32.68,33.22,21174500.0
2019-05-31,32.59,32.61,33.5,18607300.0
2019-05-30,33.43,33.31,34.31,20957600.0
2019-05-29,32.31,33.29,33.41,28796100.0
2019-05-28,34.15,32.93,34.31,26758400.0
2019-05-24,34.15,34.0,34.36,19706000.0
2019-05-23,33.88,33.81,33.9,32186700.0
2019-05-22,35.2,34.72,35.45,20902400.0
2019-05-21,35.29,35.63,35.88,32501300.0
2019-05-20,34.75,34.61,35.2,34489500.0
2019-05-17,36.61,36.06,37.27,31096300.0
2019-05-16,37.68,37.31,37.99,29479200.0
2019-05-15,37.9,38.4,38.7,17532300.0
2019-05-14,38.02,38.5,38.61,24004000.0
2019-05-13,37.36,37.38,37.97,33092100.0
2019-05-10,39.0,38.93,39.29,30368100.0
2019-05-09,39.09,39.27,39.63,27844400.0
2019-05-08,39.86,39.75,40.49,26190100.0
2019-05-07,41.68,40.25,41.93,35094100.0
2019-05-06,41.4,42.13,42.29,25776000.0
2019-05-03,42.49,43.33,43.38,16577000.0
2019-05-02,42.0,42.56,43.2,17046800.0
2019-05-01,42.43,41.9,42.93,17673300.0
2019-04-30,41.86,42.06,42.36,16342700.0
2019-04-29,42.13,42.11,42.61,13452800.0
2019-04-26,41.49,42.09,42.27,26092400.0
2019-04-25,43.61,42.75,44.65,28346200.0
2019-04-24,42.81,43.02,43.4,19637000.0
2019-04-23,43.36,42.77,43.47,21489400.0
2019-04-22,43.13,43.4,43.56,19447900.0
2019-04-18,43.2,43.4,43.52,16193600.0
2019-04-17,43.36,43.15,44.04,22092000.0
2019-04-16,42.25,42.75,42.93,19337500.0
2019-04-15,42.16,41.81,42.22,16932300.0
2019-04-12,42.84,42.0,43.2,21740400.0
2019-04-11,42.2,42.27,42.72,18163900.0
2019-04-10,41.68,42.16,42.43,23252200.0
2019-04-09,42.54,41.72,42.59,29055900.0
2019-04-08,42.18,42.9,43.13,24546800.0
2019-04-05,43.29,43.31,43.54,21119400.0
2019-04-04,42.36,42.88,43.33,37038400.0
2019-04-03,43.54,43.9,44.84,39097200.0
2019-04-02,42.08,42.43,42.79,21438100.0
2019-04-01,42.27,42.25,42.75,28073000.0
2019-03-29,40.25,41.33,41.52,35716900.0
2019-03-28,39.4,39.34,39.93,24584500.0
2019-03-27,40.38,39.22,40.84,26856700.0
2019-03-26,41.16,40.31,41.65,24689600.0
2019-03-25,41.34,40.54,41.97,34516000.0
2019-03-22,43.47,41.61,43.47,46605600.0
2019-03-21,41.7,43.99,44.2,84985400.0
2019-03-20,40.5,40.13,40.75,41714400.0
2019-03-19,39.93,40.36,41.04,32407300.0
2019-03-18,39.59,39.61,40.4,22296600.0
2019-03-15,38.58,39.54,39.84,30702000.0
2019-03-14,38.74,38.4,39.63,19757300.0
2019-03-13,39.4,38.83,39.72,22786300.0
2019-03-12,39.16,39.25,39.4,18623500.0
2019-03-11,38.9,39.02,39.54,25164700.0
2019-03-08,36.88,38.65,38.81,34080900.0
2019-03-07,37.54,37.83,38.31,31567800.0
2019-03-06,39.38,37.93,39.45,44890400.0
2019-03-05,40.25,39.99,40.66,28798800.0
2019-03-04,41.88,41.06,42.15,27047800.0
2019-03-01,41.63,41.58,42.56,26755800.0
2019-02-28,40.2,40.88,41.15,25777900.0
2019-02-27,42.61,41.31,42.75,29522200.0
2019-02-26,42.34,42.95,43.15,18051500.0
2019-02-25,43.81,42.75,43.99,25233700.0
2019-02-22,42.08,42.56,42.56,22834300.0
2019-02-21,42.47,41.52,42.86,24048800.0
2019-02-20,42.31,42.2,43.25,28048700.0
2019-02-19,41.7,41.95,42.49,25575900.0
2019-02-15,42.27,41.99,42.4,28968400.0
2019-02-14,41.38,42.22,43.15,41759200.0
2019-02-13,40.84,41.68,42.27,50101700.0
2019-02-12,39.38,40.4,40.77,43587900.0
2019-02-11,38.59,38.58,38.86,30356500.0
2019-02-08,37.79,38.58,38.77,35573200.0
2019-02-07,40.81,39.38,41.04,40396400.0
2019-02-06,40.4,41.52,41.95,47472600.0
2019-02-05,39.24,39.36,40.33,25094000.0
2019-02-04,39.54,39.47,39.61,30851500.0
2019-02-01,38.31,39.59,39.86,36839900.0
2019-01-31,37.63,38.22,38.81,34130500.0
2019-01-30,38.29,38.24,38.75,32848100.0
2019-01-29,38.27,37.38,38.97,30331000.0
2019-01-28,36.95,38.08,38.95,44213000.0
2019-01-25,38.09,38.95,39.31,61032300.0
2019-01-24,35.31,36.59,37.43,65094800.0
2019-01-23,34.11,34.24,34.68,31011600.0
2019-01-22,35.25,33.86,35.25,37021900.0
2019-01-18,34.22,35.75,36.18,44872400.0
2019-01-17,33.22,33.88,34.2,29398500.0
2019-01-16,34.04,33.58,34.33,24890900.0
2019-01-15,35.02,33.99,35.22,30633600.0
2019-01-14,34.72,34.66,34.91,34612000.0
2019-01-11,35.41,36.0,36.72,30469800.0
2019-01-10,35.25,35.9,35.95,24437400.0
2019-01-09,34.97,35.43,36.29,54147900.0
2019-01-08,34.54,33.74,34.59,33434100.0
2019-01-07,33.7,34.0,34.45,44841500.0
2019-01-04,31.65,32.7,33.04,28557300.0
2019-01-03,31.81,31.0,32.15,29145500.0
2019-01-02,31.0,32.75,33.08,26004300.0
2018-12-31,31.98,31.72,32.4,21392100.0
2018-12-28,32.0,31.56,32.27,29873400.0
2018-12-27,30.4,31.93,32.0,39858300.0
2018-12-26,29.34,30.88,30.9,45711000.0
2018-12-24,29.86,29.02,30.35,23771800.0
2018-12-21,31.68,30.31,32.04,54630500.0
2018-12-20,31.6,31.28,32.9,60427600.0
2018-12-19,31.65,31.4,33.58,106669600.0
2018-12-18,34.38,34.11,34.93,46135400.0
2018-12-17,34.15,33.88,35.22,30891000.0
2018-12-14,34.43,34.2,35.45,28922100.0
2018-12-13,36.29,35.02,36.36,23825400.0
2018-12-12,35.93,36.02,36.61,26642500.0
2018-12-11,35.59,35.2,36.25,26238800.0
2018-12-10,34.83,34.79,35.72,33979700.0
2018-12-07,37.61,35.31,37.61,30619800.0
2018-12-06,35.65,37.66,37.68,37494400.0
2018-12-04,39.56,36.88,39.86,36616300.0
2018-12-03,40.2,40.02,40.24,35830000.0
2018-11-30,37.75,38.56,38.63,28176000.0
2018-11-29,38.29,37.9,38.7,23631300.0
2018-11-28,37.29,38.7,39.0,42293700.0
2018-11-27,36.09,37.0,37.45,21397300.0
2018-11-26,37.75,36.56,37.79,26569700.0
2018-11-23,35.93,36.4,37.5,11257800.0
2018-11-21,37.0,36.38,37.22,22728400.0
2018-11-20,34.09,36.11,36.99,38728600.0
2018-11-19,39.2,36.83,39.31,31039100.0
2018-11-16,38.45,39.43,39.7,25445700.0
2018-11-15,37.95,39.9,40.16,30046100.0
2018-11-14,38.61,38.02,38.97,23706400.0
2018-11-13,37.65,37.84,38.74,25870500.0
2018-11-12,38.24,37.43,38.52,24822400.0
2018-11-09,39.88,39.11,39.99,26102800.0
2018-11-08,40.66,40.43,41.43,15609300.0
2018-11-07,40.31,40.93,41.04,22957200.0
2018-11-06,39.74,39.79,40.56,19316600.0
2018-11-05,40.09,39.91,40.24,22904000.0
2018-11-02,40.18,40.31,40.93,33645700.0
2018-11-01,37.97,40.11,40.2,43981400.0
2018-10-31,36.58,37.72,38.04,44055400.0
2018-10-30,34.63,36.0,36.04,35319500.0
2018-10-29,36.13,34.65,36.2,34176400.0
2018-10-26,35.27,35.4,35.9,41257400.0
2018-10-25,35.59,36.77,37.15,39625700.0
2018-10-24,38.0,35.43,38.29,53096500.0
2018-10-23,38.15,38.68,39.11,46364200.0
2018-10-22,40.56,39.75,40.7,34441200.0
2018-10-19,41.66,40.45,41.99,28641400.0
2018-10-18,42.04,41.29,42.2,33560800.0
2018-10-17,43.33,42.34,43.38,27759000.0
2018-10-16,42.7,43.2,43.34,28827400.0
2018-10-15,42.02,42.34,42.54,27697300.0
2018-10-12,43.58,42.47,43.75,32851100.0
2018-10-11,41.95,41.97,42.91,48197000.0
2018-10-10,41.5,41.61,42.75,48452000.0
2018-10-09,42.81,42.27,43.04,31576400.0
2018-10-08,43.27,43.06,43.84,27426600.0
2018-10-05,44.08,43.58,44.63,35367100.0
2018-10-04,44.5,44.15,44.75,34579600.0
2018-10-03,46.27,45.15,46.41,29505100.0
2018-10-02,44.9,45.75,46.68,32397000.0
2018-10-01,45.43,45.15,46.08,26693400.0
2018-09-28,44.65,45.22,45.61,28080400.0
2018-09-27,44.22,44.99,45.52,26952400.0
2018-09-26,44.29,44.34,44.75,30299800.0
2018-09-25,45.09,44.63,45.45,32547500.0
2018-09-24,44.2,45.15,45.65,36918900.0
2018-09-21,44.4,44.74,45.59,97053400.0
2018-09-20,46.4,46.06,47.22,75144100.0
2018-09-19,45.77,45.06,46.06,29264700.0
2018-09-18,43.93,45.33,45.86,36507400.0
2018-09-17,43.59,43.58,44.31,28205300.0
2018-09-14,44.11,44.29,44.56,40610300.0
2018-09-13,42.29,43.61,44.49,59922100.0
2018-09-12,41.24,41.74,42.18,66916000.0
2018-09-11,43.65,43.59,43.75,48980700.0
2018-09-10,45.25,44.9,45.38,33078300.0
2018-09-07,45.13,44.86,46.45,47114300.0
2018-09-06,48.2,44.65,48.45,94413400.0
2018-09-05,51.38,49.54,51.59,39125100.0
2018-09-04,52.13,51.93,52.29,28975100.0
2018-08-31,52.7,52.52,53.22,29937300.0
2018-08-30,51.56,52.75,53.68,32416600.0
2018-08-29,52.09,51.83,52.15,31450800.0
2018-08-28,52.41,52.34,52.56,26198800.0
2018-08-27,51.34,52.06,52.45,29134100.0
2018-08-24,49.91,50.7,50.81,24785500.0
2018-08-23,50.04,49.7,50.24,26832000.0
2018-08-22,50.38,50.24,50.65,26740400.0
2018-08-21,48.9,49.93,50.36,38572900.0
2018-08-20,47.4,48.06,48.61,33022900.0
2018-08-17,46.2,47.11,47.36,34464200.0
2018-08-16,48.2,47.09,48.31,33663000.0
2018-08-15,49.83,47.49,49.86,57746200.0
2018-08-14,51.72,50.61,51.77,32050200.0
2018-08-13,51.61,51.34,52.06,24609500.0
2018-08-10,51.25,51.36,51.95,31340800.0
2018-08-09,52.65,52.25,52.84,34538400.0
2018-08-08,52.84,53.38,53.52,18074700.0
2018-08-07,52.93,53.04,53.43,21918600.0
2018-08-06,52.22,52.66,52.81,28776900.0
2018-08-03,53.29,52.81,53.4,22958900.0
2018-08-02,51.7,53.4,53.54,28708000.0
2018-08-01,52.65,52.29,53.58,28200000.0
2018-07-31,53.77,52.79,54.22,29301700.0
2018-07-30,54.18,53.0,54.25,25747800.0
2018-07-27,54.45,53.95,54.63,30109700.0
2018-07-26,53.59,53.75,54.74,28862500.0
2018-07-25,52.63,53.38,54.22,39749200.0
2018-07-24,55.0,53.16,55.4,39011500.0
2018-07-23,53.5,54.29,54.58,42781500.0
2018-07-20,56.08,55.02,56.13,32588100.0
2018-07-19,57.25,56.22,57.56,39392100.0
2018-07-18,57.25,57.45,58.15,33729700.0
2018-07-17,55.83,56.95,57.13,24729100.0
2018-07-16,56.59,56.15,57.18,25735200.0
2018-07-13,55.5,56.34,56.59,28799000.0
2018-07-12,54.65,55.45,55.65,29647700.0
2018-07-11,54.38,54.18,55.0,38699200.0
2018-07-10,54.65,55.74,55.9,34852800.0
2018-07-09,53.79,54.31,54.5,32579700.0
2018-07-06,52.54,53.22,53.4,31841000.0
2018-07-05,52.63,52.84,53.31,51136400.0
2018-07-03,54.54,51.47,54.79,52190200.0
2018-07-02,51.52,54.47,54.52,38934200.0
2018-06-29,53.68,52.43,53.84,32582200.0
2018-06-28,52.0,53.13,53.31,36878900.0
2018-06-27,55.0,52.25,55.34,53007500.0
2018-06-26,54.4,54.59,54.77,42277100.0
2018-06-25,55.54,53.15,55.63,72196300.0
2018-06-22,60.2,57.09,60.4,63497500.0
2018-06-21,61.45,59.43,61.83,70419900.0
2018-06-20,60.13,58.95,61.11,57497600.0
2018-06-19,57.63,59.25,59.45,43486600.0
2018-06-18,57.59,58.45,58.59,36975600.0
2018-06-15,58.52,58.22,59.09,45854100.0
2018-06-14,60.54,59.18,60.56,43421900.0
2018-06-13,60.29,60.04,61.27,33281400.0
2018-06-12,61.84,60.54,61.84,43633300.0
2018-06-11,61.7,61.38,62.54,42251500.0
2018-06-08,58.63,61.38,61.59,57144900.0
2018-06-07,59.84,59.63,60.27,42264700.0
2018-06-06,59.25,59.41,59.59,36749000.0
2018-06-05,59.79,59.4,60.13,41711300.0
2018-06-04,57.43,59.09,59.15,64350500.0
2018-06-01,58.81,58.74,59.34,74761500.0
2018-05-31,59.22,57.59,60.25,101882200.0
2018-05-30,63.7,62.56,64.66,84737600.0
2018-05-29,61.36,62.61,63.97,75591900.0
2018-05-25,60.84,61.34,62.09,54715900.0
2018-05-24,60.18,61.49,61.99,74725000.0
2018-05-23,59.04,59.97,60.0,64066800.0
2018-05-22,59.04,59.02,60.5,111262700.0
2018-05-21,56.18,55.47,56.47,70858100.0
2018-05-18,53.59,53.38,54.65,46088800.0
2018-05-17,56.0,54.7,56.43,54832200.0
2018-05-16,55.59,56.5,56.9,59011900.0
2018-05-15,53.79,54.0,54.16,43307300.0
2018-05-14,52.99,53.0,53.7,33376300.0
2018-05-11,52.38,51.81,52.79,27646400.0
2018-05-10,51.79,52.65,52.68,37146300.0
2018-05-09,49.06,51.0,51.02,36489100.0
2018-05-08,48.52,48.56,48.86,25205500.0
2018-05-07,48.25,48.47,49.11,33996900.0
2018-05-04,46.31,47.58,47.7,28632200.0
2018-05-03,45.74,46.61,46.86,30489600.0
2018-05-02,45.9,45.88,46.74,31640800.0
2018-05-01,45.59,46.79,46.86,34154900.0
2018-04-30,47.06,45.97,47.68,54743800.0
2018-04-27,51.11,47.52,51.38,50049800.0
2018-04-26,49.27,50.13,50.18,39041400.0
2018-04-25,47.56,47.59,48.34,43781200.0
2018-04-24,49.65,47.11,50.25,61915400.0
2018-04-23,50.81,49.02,50.88,43693000.0
2018-04-20,51.5,50.61,52.06,38510800.0
2018-04-19,52.9,51.41,54.09,52635000.0
2018-04-18,51.45,54.0,54.27,55393600.0
2018-04-17,51.84,52.25,52.7,33325300.0
2018-04-16,52.25,51.65,52.47,30879500.0
2018-04-13,53.4,52.22,53.49,43598900.0
2018-04-12,51.11,52.59,52.91,46656300.0
2018-04-11,50.27,50.47,51.79,38942200.0
2018-04-10,49.25,50.47,50.75,50346500.0
2018-04-09,49.13,47.95,49.83,50532900.0
2018-04-06,47.72,48.45,50.47,79392200.0
2018-04-05,52.06,49.84,52.2,89203500.0
2018-04-04,49.61,53.38,53.5,60272800.0
2018-04-03,50.79,51.54,51.77,52436400.0
2018-04-02,51.54,50.06,51.72,59875500.0
2018-03-29,52.15,52.13,52.68,61458800.0
2018-03-28,51.93,51.49,53.34,62987500.0
2018-03-27,55.06,52.4,55.47,67785100.0
2018-03-26,56.25,55.56,56.7,70260700.0
2018-03-23,57.68,54.2,58.79,118369500.0
2018-03-22,60.06,58.91,60.29,74274700.0
2018-03-21,61.34,61.06,61.72,51220200.0
2018-03-20,60.09,61.15,61.25,53890500.0
2018-03-19,60.36,60.13,60.99,71373300.0
2018-03-16,60.0,60.58,60.68,69323100.0
2018-03-15,59.77,58.84,60.15,50963700.0
2018-03-14,59.31,59.77,60.06,80306900.0
2018-03-13,62.16,59.43,63.41,142315800.0
2018-03-12,56.5,59.36,61.16,138651600.0
2018-03-09,55.75,54.59,55.83,65504600.0
2018-03-08,54.59,55.22,55.47,51685900.0
2018-03-07,53.34,53.97,55.0,61670000.0
2018-03-06,53.4,53.74,54.63,73096300.0
2018-03-05,48.79,52.02,52.36,70984100.0
2018-03-02,46.36,49.11,49.25,52492900.0
2018-03-01,48.77,47.61,48.81,61278800.0
2018-02-28,48.79,48.81,49.45,45031400.0
2018-02-27,47.65,48.58,48.99,44731100.0
2018-02-26,46.97,47.97,48.22,41966100.0
2018-02-23,45.18,46.52,46.79,48476700.0
2018-02-22,44.77,44.25,44.83,24359600.0
2018-02-21,45.36,44.54,45.54,31618700.0
2018-02-20,44.02,44.9,45.27,36215900.0
2018-02-16,43.29,44.2,45.11,49404600.0
2018-02-15,43.72,43.5,43.91,35072300.0
2018-02-14,41.93,43.45,43.63,36765900.0
2018-02-13,42.04,42.63,42.91,30296800.0
2018-02-12,41.0,42.18,42.68,47941100.0
2018-02-09,41.04,40.4,41.18,65189300.0
2018-02-08,42.52,40.0,43.02,53794100.0
2018-02-07,43.25,42.0,43.56,51354800.0
2018-02-06,40.54,43.88,43.93,66972800.0
2018-02-05,40.13,39.4,41.52,45796800.0
2018-02-02,42.0,40.81,42.2,40657400.0
2018-02-01,43.04,42.49,44.09,35713500.0
2018-01-31,42.97,43.72,43.95,45114600.0
2018-01-30,41.99,41.66,42.79,38861900.0
2018-01-29,43.25,43.29,43.41,29455000.0
2018-01-26,43.22,43.66,43.81,27177500.0
2018-01-25,44.22,43.0,44.72,40519200.0
2018-01-24,43.75,43.08,43.95,31305700.0
2018-01-23,43.25,43.95,44.65,41334100.0
2018-01-22,42.47,42.88,42.88,37879400.0
2018-01-19,43.95,42.75,44.2,41469200.0
2018-01-18,44.2,43.99,44.65,25152100.0
2018-01-17,43.2,44.25,44.38,38077100.0
2018-01-16,43.13,42.91,43.86,38174800.0
2018-01-12,42.81,42.81,43.34,28458500.0
2018-01-11,43.52,42.81,44.0,39402200.0
2018-01-10,41.95,43.31,43.36,53348000.0
2018-01-09,45.27,42.97,45.54,62982900.0
2018-01-08,45.31,45.54,46.09,32217400.0
2018-01-05,46.13,45.79,46.65,47381100.0
2018-01-04,45.99,46.88,46.97,52229500.0
2018-01-03,44.5,44.97,45.04,43376700.0
2018-01-02,41.54,43.66,43.72,37097000.0
2017-12-29,41.81,41.11,41.84,44642100.0
2017-12-28,42.83,41.81,43.04,28999700.0
2017-12-27,42.22,42.47,43.06,24175100.0
2017-12-26,43.18,42.25,43.2,41966200.0
2017-12-22,44.18,44.11,44.93,30372500.0
2017-12-21,45.54,44.41,45.58,50486100.0
2017-12-20,46.65,45.75,46.79,84338200.0
2017-12-19,44.09,43.97,44.34,51048300.0
2017-12-18,43.36,43.7,43.72,35075500.0
2017-12-15,42.29,42.4,42.56,58721700.0
2017-12-14,42.29,42.24,42.72,24582800.0
2017-12-13,42.22,42.04,43.09,28565600.0
2017-12-12,42.68,41.86,42.84,28492300.0
2017-12-11,43.41,43.0,43.75,32824000.0
2017-12-08,44.04,43.2,44.58,44717800.0
2017-12-07,42.18,43.2,43.22,43189000.0
2017-12-06,40.81,41.58,41.74,39735300.0
2017-12-05,39.77,41.2,42.04,56540700.0
2017-12-04,41.95,39.9,42.29,73640500.0
2017-12-01,41.72,41.99,42.54,73138600.0
2017-11-30,44.15,42.38,44.54,63895700.0
2017-11-29,47.5,43.74,47.59,81370100.0
2017-11-28,48.45,47.93,48.86,30633200.0
2017-11-27,47.95,48.04,48.38,44469700.0
2017-11-24,49.31,49.68,49.88,14203300.0
2017-11-22,49.84,49.13,49.88,28711800.0
2017-11-21,48.36,49.4,49.63,35756600.0
2017-11-20,46.5,47.63,47.86,26975000.0
2017-11-17,46.54,46.15,46.54,22613300.0
2017-11-16,45.72,46.18,46.29,24192600.0
2017-11-15,45.18,45.36,45.74,22434500.0
2017-11-14,45.58,45.79,46.0,29899200.0
2017-11-13,44.33,45.59,45.86,30522300.0
2017-11-10,43.75,44.77,44.84,33840800.0
2017-11-09,43.68,43.5,43.68,32501100.0
2017-11-08,43.84,44.09,44.13,19519600.0
2017-11-07,43.58,43.95,44.24,32422900.0
2017-11-06,43.84,43.25,44.0,28841000.0
2017-11-03,44.77,43.7,45.0,27694600.0
2017-11-02,44.08,44.34,44.75,25813000.0
2017-11-01,44.79,44.38,45.33,38842900.0
2017-10-31,42.25,44.31,44.56,61972200.0
2017-10-30,40.72,41.65,41.86,29119500.0
2017-10-27,40.59,40.84,40.93,31094700.0
2017-10-26,41.16,40.59,41.18,27453500.0
2017-10-25,41.31,41.06,41.59,31061100.0
2017-10-24,41.74,41.59,42.0,26299400.0
2017-10-23,41.84,41.56,42.18,26844200.0
2017-10-20,42.0,41.5,42.16,36293700.0
2017-10-19,41.18,41.31,41.5,47676000.0
2017-10-18,41.04,41.65,41.95,43528000.0
2017-10-17,41.13,40.38,41.4,41233700.0
2017-10-16,40.88,41.49,41.56,33696800.0
2017-10-13,40.77,40.4,41.16,35371200.0
2017-10-12,41.2,40.58,41.75,66789800.0
2017-10-11,40.84,41.61,42.06,53023600.0
2017-10-10,41.45,41.97,42.0,48214100.0
2017-10-09,39.72,40.95,40.99,27279300.0
2017-10-06,39.0,39.66,39.66,25150300.0
2017-10-05,39.79,39.36,39.86,22501000.0
2017-10-04,40.13,39.56,40.43,37908400.0
2017-10-03,39.93,40.36,40.54,27322300.0
2017-10-02,39.59,40.0,40.36,54244800.0
2017-09-29,37.97,39.33,39.36,48711400.0
2017-09-28,37.15,37.95,38.45,52569900.0
2017-09-27,36.25,37.09,37.15,84593900.0
2017-09-26,35.22,34.18,35.36,55112600.0
2017-09-25,36.04,34.86,36.15,35607200.0
2017-09-22,35.59,36.06,36.22,21559800.0
2017-09-21,35.93,35.9,36.25,22464900.0
2017-09-20,36.02,35.97,36.59,42243000.0
2017-09-19,35.5,35.95,36.09,26392200.0
2017-09-18,35.13,35.43,35.79,41330100.0
2017-09-15,34.63,34.65,35.0,37417300.0
2017-09-14,34.43,34.58,34.84,23007000.0
2017-09-13,34.56,34.59,34.79,41588100.0
2017-09-12,33.68,34.29,34.54,38685800.0
2017-09-11,32.9,33.43,33.43,31012100.0
2017-09-08,32.79,32.45,33.02,19649300.0
2017-09-07,32.47,32.79,32.9,25353300.0
2017-09-06,32.06,32.25,32.7,29290200.0
2017-09-05,32.45,32.06,32.74,28866600.0
2017-09-01,32.13,32.59,32.88,26034000.0
2017-08-31,31.61,31.96,32.02,25694000.0
2017-08-30,31.64,31.61,31.68,17467900.0
2017-08-29,30.75,31.47,31.53,23151900.0
2017-08-28,30.43,31.07,31.2,22531000.0
2017-08-25,30.29,30.29,30.38,13929800.0
2017-08-24,30.54,30.21,30.62,18056800.0
2017-08-23,29.96,30.45,30.73,21200400.0
2017-08-22,29.85,30.45,30.54,18821200.0
2017-08-21,30.53,29.55,30.6,26247700.0
2017-08-18,29.95,30.37,30.6,31178100.0
2017-08-17,30.31,29.62,30.53,26152500.0
2017-08-16,30.02,30.69,30.86,37879500.0
2017-08-15,29.5,29.68,29.8,23973600.0
2017-08-14,28.81,29.23,29.36,25254600.0
2017-08-11,27.44,28.01,28.04,23375900.0
2017-08-10,28.29,27.48,28.37,26147600.0
2017-08-09,28.51,28.57,28.88,14181800.0
2017-08-08,28.61,28.84,29.34,21903300.0
2017-08-07,27.93,28.59,28.61,16589300.0
2017-08-04,27.86,27.92,28.29,23947500.0
2017-08-03,28.38,27.82,28.39,30288400.0
2017-08-02,28.95,28.62,29.43,27226000.0
2017-08-01,28.21,28.34,28.94,28221600.0
2017-07-31,29.43,28.12,29.54,41112700.0
2017-07-28,29.95,29.28,29.97,31854900.0
2017-07-27,30.27,30.23,31.29,38967000.0
2017-07-26,29.85,29.8,30.04,26387400.0
2017-07-25,30.79,29.89,30.82,51216400.0
2017-07-24,32.0,31.67,32.0,17415500.0
2017-07-21,31.89,32.0,32.09,21146600.0
2017-07-20,31.93,32.0,32.02,23179300.0
2017-07-19,32.04,31.81,32.34,19984100.0
2017-07-18,31.63,31.89,31.9,14045000.0
2017-07-17,31.67,31.71,31.86,22320500.0
2017-07-14,31.35,31.79,31.95,28887600.0
2017-07-13,31.54,31.12,31.85,23773000.0
2017-07-12,31.77,31.45,31.78,22258600.0
2017-07-11,30.54,31.37,31.38,28530500.0
2017-07-10,30.15,30.5,30.59,24907900.0
2017-07-07,30.21,30.2,30.5,22023100.0
2017-07-06,29.94,30.1,30.47,27143800.0
2017-07-05,29.54,30.51,30.55,40444600.0
2017-07-03,30.09,29.13,30.28,36830400.0
2017-06-30,32.11,29.86,32.15,73308000.0
2017-06-29,32.29,31.46,32.38,53948400.0
2017-06-28,32.06,32.24,32.27,28415900.0
2017-06-27,32.5,31.65,32.66,33221500.0
2017-06-26,32.45,32.5,32.95,34750700.0
2017-06-23,31.88,31.72,32.08,45323800.0
2017-06-22,32.04,31.88,32.4,23050800.0
2017-06-21,31.18,32.0,32.15,30579000.0
2017-06-20,31.39,30.82,31.57,25793300.0
2017-06-19,30.51,31.2,31.25,24915000.0
2017-06-16,30.62,29.86,31.0,42881700.0
2017-06-15,30.46,30.55,30.96,33670600.0
2017-06-14,31.78,31.05,31.79,28935000.0
2017-06-13,31.75,31.54,32.24,33767900.0
2017-06-12,30.05,31.2,31.69,46550900.0
2017-06-09,32.66,30.6,32.93,53064200.0
2017-06-08,32.84,32.45,32.86,29156500.0
2017-06-07,31.7,32.5,32.54,32635800.0
2017-06-06,31.04,31.56,31.77,33125800.0
2017-06-05,31.29,31.2,31.76,24360800.0
2017-06-02,30.79,31.2,31.37,20206300.0
2017-06-01,30.75,30.76,30.82,20534800.0
2017-05-31,31.01,30.77,31.1,26402900.0
2017-05-30,29.94,30.7,30.87,34690000.0
2017-05-26,29.27,29.76,29.77,17784800.0
2017-05-25,29.2,29.43,29.65,20714000.0
2017-05-24,28.46,28.98,29.12,22216800.0
2017-05-23,28.07,28.29,28.3,21800800.0
2017-05-22,28.2,28.05,28.25,18032700.0
2017-05-19,27.78,27.81,28.15,19173200.0
2017-05-18,27.14,27.47,27.88,26863000.0
2017-05-17,28.34,27.0,28.51,38027900.0
2017-05-16,28.92,29.02,29.07,14940800.0
2017-05-15,29.07,28.82,29.19,21899900.0
2017-05-12,29.1,28.93,29.12,15902700.0
2017-05-11,29.17,29.03,29.3,22494600.0
2017-05-10,28.92,29.31,29.42,29267500.0
2017-05-09,28.11,28.8,28.89,31073400.0
2017-05-08,27.55,28.05,28.06,32326800.0
2017-05-05,27.79,28.2,28.21,15639600.0
2017-05-04,27.94,27.79,28.17,15544600.0
2017-05-03,27.54,28.0,28.1,15061300.0
2017-05-02,28.28,27.77,28.28,25335300.0
2017-05-01,27.85,28.29,28.37,23938000.0
2017-04-28,28.02,27.67,28.2,28105100.0
2017-04-27,27.17,27.62,27.64,24626900.0
2017-04-26,26.57,26.79,27.06,24670700.0
2017-04-25,26.7,26.98,27.02,22881400.0
2017-04-24,27.73,26.56,27.76,44041000.0
2017-04-21,28.0,27.31,28.03,28361700.0
2017-04-20,27.5,27.95,28.07,23633000.0
2017-04-19,27.45,27.26,27.54,21231900.0
2017-04-18,27.0,27.13,27.34,14407100.0
2017-04-17,26.9,27.12,27.21,14108600.0
2017-04-13,26.54,26.73,27.22,26077500.0
2017-04-12,27.42,26.69,27.43,24621900.0
2017-04-11,27.5,27.18,27.54,38619300.0
2017-04-10,28.45,27.63,28.48,27422100.0
2017-04-07,28.45,28.52,28.86,20325500.0
2017-04-06,28.25,28.62,28.78,19423700.0
2017-04-05,28.63,28.26,28.9,22389900.0
2017-04-04,28.46,28.59,28.68,13957900.0
2017-04-03,28.95,28.63,29.04,21629100.0
2017-03-31,29.1,28.89,29.36,32337800.0
2017-03-30,28.39,28.96,29.0,25092700.0
2017-03-29,28.6,28.5,28.68,23060600.0
2017-03-28,28.72,28.69,29.05,24776400.0
2017-03-27,28.1,28.76,29.18,48190000.0
2017-03-24,29.7,28.43,29.87,107481800.0
2017-03-23,26.36,26.46,26.48,47118300.0
2017-03-22,25.72,26.05,26.14,25092500.0
2017-03-21,26.29,25.52,26.44,28397500.0
2017-03-20,25.98,26.2,26.61,26918800.0
2017-03-17,25.86,25.79,25.9,19126500.0
2017-03-16,26.2,26.04,26.22,19147300.0
2017-03-15,25.14,26.12,26.14,29779900.0
2017-03-14,25.59,25.57,25.7,14587500.0
2017-03-13,25.38,25.7,25.81,23768200.0
2017-03-10,25.28,25.18,25.75,28919000.0
2017-03-09,25.22,25.14,25.48,21786600.0
2017-03-08,25.63,25.37,25.82,24921100.0
2017-03-07,25.55,25.63,25.75,20313000.0
2017-03-06,25.5,25.7,25.92,25527800.0
2017-03-03,25.2,25.56,25.68,37862400.0
2017-03-02,24.87,24.7,25.25,45941900.0
2017-03-01,24.15,24.54,24.57,27989300.0
2017-02-28,23.79,23.44,23.95,21447500.0
2017-02-27,23.36,23.76,23.77,17999800.0
2017-02-24,22.95,23.23,23.26,22019600.0
2017-02-23,23.92,23.47,23.96,20172900.0
2017-02-22,23.86,23.75,24.05,16013300.0
2017-02-21,23.62,23.77,23.97,20256300.0
2017-02-17,23.01,23.35,23.37,22108700.0
2017-02-16,23.04,22.97,23.34,23819800.0
2017-02-15,23.06,23.02,23.26,28215800.0
2017-02-14,23.36,23.12,23.37,60685200.0
2017-02-13,24.06,23.89,24.2,16876400.0
2017-02-10,24.7,24.04,24.76,28578400.0
2017-02-09,24.75,24.45,24.88,27887400.0
2017-02-08,24.25,24.2,24.37,21559200.0
2017-02-07,24.59,24.6,24.69,19879300.0
2017-02-06,24.53,24.34,24.72,18900000.0
2017-02-03,24.89,24.6,25.23,25054400.0
2017-02-02,24.53,24.79,25.3,45499700.0
2017-02-01,24.43,24.75,24.85,28728200.0
2017-01-31,23.95,24.11,24.14,22712500.0
2017-01-30,23.81,24.18,24.23,30508100.0
2017-01-27,23.53,23.96,24.1,18626100.0
2017-01-26,23.79,23.52,23.98,19379100.0
2017-01-25,23.39,23.55,23.97,31611800.0
2017-01-24,22.27,22.85,23.09,29461400.0
2017-01-23,21.95,21.88,22.3,16070300.0
2017-01-20,21.89,21.95,22.32,19978700.0
2017-01-19,21.5,21.7,22.29,31259000.0
2017-01-18,21.68,22.31,22.34,19493400.0
2017-01-17,21.87,21.73,22.06,20053800.0
2017-01-13,22.27,22.18,22.3,14025700.0
2017-01-12,22.45,22.3,22.47,27592300.0
2017-01-11,22.61,22.79,22.87,20907700.0
2017-01-10,22.36,22.47,22.69,20644300.0
2017-01-09,21.94,22.34,22.54,21537200.0
2017-01-06,22.27,22.04,22.28,17782200.0
2017-01-05,22.39,22.11,22.56,19759400.0
2017-01-04,22.67,22.36,22.84,20426800.0
2017-01-03,22.06,22.54,22.73,24962900.0
2016-12-30,22.35,21.92,22.39,20268900.0
2016-12-29,22.57,22.27,22.79,19890500.0
2016-12-28,23.39,22.78,23.4,24026900.0
2016-12-27,23.35,23.29,23.63,24214100.0
2016-12-23,23.06,23.26,23.48,27780100.0
2016-12-22,22.9,23.19,23.48,85870000.0
2016-12-21,20.75,20.57,20.82,32034500.0
2016-12-20,20.72,20.64,20.79,23018500.0
2016-12-19,20.43,20.35,20.7,23555900.0
2016-12-16,20.53,20.27,21.0,36643400.0
2016-12-15,20.1,20.29,20.5,19453100.0
2016-12-14,19.93,20.02,20.32,19489100.0
2016-12-13,20.13,20.12,20.46,26252400.0
2016-12-12,20.29,20.02,20.51,28676100.0
2016-12-09,20.72,20.5,20.85,23978000.0
2016-12-08,20.75,20.65,20.98,36257400.0
2016-12-07,19.5,20.44,20.54,44735700.0
2016-12-06,18.62,19.05,19.09,22267800.0
2016-12-05,19.0,18.61,19.0,26635500.0
2016-12-02,18.45,18.79,19.2,25887600.0
2016-12-01,19.7,18.47,19.82,40713100.0
2016-11-30,19.57,19.53,19.76,26031700.0
2016-11-29,19.92,19.42,20.2,37924400.0
2016-11-28,20.18,19.98,20.28,22205900.0
2016-11-25,19.95,20.12,20.44,16308000.0
2016-11-23,19.62,19.9,19.93,20041300.0
2016-11-22,19.63,19.73,19.79,22219100.0
2016-11-21,19.38,19.48,19.67,22744000.0
2016-11-18,18.89,19.2,19.32,29121600.0
2016-11-17,18.35,19.18,19.34,45958100.0
2016-11-16,17.94,18.23,18.32,21629000.0
2016-11-15,17.65,18.1,18.17,25153900.0
2016-11-14,17.77,17.7,17.97,26313300.0
2016-11-11,17.07,17.67,17.68,31043300.0
2016-11-10,17.35,16.98,17.76,30282200.0
2016-11-09,16.95,17.2,17.35,33873300.0
2016-11-08,17.29,17.4,17.54,18062700.0
2016-11-07,17.02,17.37,17.43,21673200.0
2016-11-04,16.45,16.68,17.02,18026600.0
2016-11-03,16.65,16.62,16.8,17255100.0
2016-11-02,16.95,16.68,17.02,24949700.0
2016-11-01,17.2,16.97,17.4,27146100.0
2016-10-31,17.54,17.15,17.76,23267600.0
2016-10-28,17.6,17.2,17.67,20832400.0
2016-10-27,17.81,17.53,17.89,21198300.0
2016-10-26,17.29,17.63,17.93,23610500.0
2016-10-25,17.1,17.54,17.61,27444000.0
2016-10-24,17.06,17.05,17.15,13838700.0
2016-10-21,17.0,16.94,17.06,18710300.0
2016-10-20,17.04,17.2,17.5,17129700.0
2016-10-19,17.0,17.21,17.25,18629500.0
2016-10-18,17.2,17.4,17.65,20185700.0
2016-10-17,17.02,16.98,17.17,12657800.0
2016-10-14,17.03,17.12,17.4,23539800.0
2016-10-13,16.55,16.85,17.0,28593700.0
2016-10-12,16.87,16.78,17.04,17901800.0
2016-10-11,17.39,16.86,17.46,38070200.0
2016-10-10,17.71,17.5,17.84,18857600.0
2016-10-07,17.71,17.61,17.79,23849000.0
2016-10-06,17.63,17.72,17.88,21606800.0
2016-10-05,17.54,17.7,18.32,67739500.0
2016-10-04,17.97,17.79,18.04,54502800.0
2016-10-03,17.98,17.72,18.02,26856100.0
2016-09-30,17.75,17.78,18.0,21363100.0
2016-09-29,17.45,17.54,17.77,31870200.0
2016-09-28,18.15,17.44,18.15,42715600.0
2016-09-27,17.53,18.0,18.07,28621000.0
2016-09-26,17.35,17.36,17.6,19567200.0
2016-09-23,17.45,17.47,17.73,17947600.0
2016-09-22,17.88,17.59,18.04,25278000.0
2016-09-21,17.25,17.65,17.7,31384900.0
2016-09-20,17.04,16.92,17.27,17775800.0
2016-09-19,17.62,16.95,17.77,23999900.0
2016-09-16,18.07,17.47,18.07,37447400.0
2016-09-15,16.89,17.45,17.45,24303700.0
2016-09-14,16.87,16.93,17.07,18591300.0
2016-09-13,16.92,16.75,17.14,24345800.0
2016-09-12,16.61,17.14,17.2,28239200.0
2016-09-09,17.32,16.8,17.73,31389600.0
2016-09-08,17.18,17.45,17.86,39212100.0
2016-09-07,17.2,17.15,17.35,23023500.0
2016-09-06,16.79,17.01,17.07,22998600.0
2016-09-02,16.95,16.7,16.96,16099500.0
2016-09-01,16.61,16.63,16.79,15719500.0
2016-08-31,16.7,16.48,16.73,21963700.0
2016-08-30,17.0,16.73,17.01,23620900.0
2016-08-29,16.92,16.9,17.25,34467800.0
2016-08-26,16.34,16.51,16.8,24243700.0
2016-08-25,15.89,16.2,16.54,34837800.0
2016-08-24,16.2,15.51,16.23,26686900.0
2016-08-23,16.27,16.18,16.54,23741400.0
2016-08-22,16.14,16.19,16.43,22145800.0
2016-08-19,16.15,16.25,16.45,35059400.0
2016-08-18,15.55,15.77,15.8,16590700.0
2016-08-17,15.52,15.52,15.76,22552100.0
2016-08-16,15.57,15.48,15.59,21872700.0
2016-08-15,15.09,15.52,15.69,29105200.0
2016-08-12,14.46,14.93,14.98,24909900.0
2016-08-11,14.25,14.43,14.48,14451300.0
2016-08-10,14.47,14.19,14.5,15003200.0
2016-08-09,14.56,14.47,14.69,12573700.0
2016-08-08,14.52,14.42,14.72,16163500.0
2016-08-05,14.22,14.52,14.77,29098400.0
2016-08-04,13.6,14.02,14.19,23400100.0
2016-08-03,13.27,13.51,13.57,17316600.0
2016-08-02,13.55,13.39,13.57,23707600.0
2016-08-01,13.81,13.56,13.92,16363900.0
2016-07-29,13.9,13.73,13.93,21792900.0
2016-07-28,14.13,13.81,14.18,25504200.0
2016-07-27,14.85,14.18,14.89,35035800.0
2016-07-26,14.0,14.67,14.68,38959800.0
2016-07-25,14.0,13.92,14.32,51357000.0
2016-07-22,13.21,13.13,13.22,18755900.0
2016-07-21,13.47,13.18,13.5,16734700.0
2016-07-20,13.32,13.59,13.61,35666000.0
2016-07-19,13.22,13.22,13.26,30569900.0
2016-07-18,13.25,13.34,13.35,17180500.0
2016-07-15,13.31,13.13,13.5,18046200.0
2016-07-14,13.5,13.28,13.55,18698900.0
2016-07-13,13.23,13.28,13.39,23067400.0
2016-07-12,13.0,13.22,13.46,35226800.0
2016-07-11,12.78,12.64,12.97,22797100.0
2016-07-08,12.39,12.61,12.72,27955700.0
2016-07-07,11.89,12.19,12.55,33457100.0
2016-07-06,11.76,11.72,11.85,35747800.0
2016-07-05,12.38,11.9,12.44,37298900.0
2016-07-01,12.57,12.5,12.89,68847100.0
2016-06-30,13.34,13.76,13.77,48486100.0
2016-06-29,13.3,13.18,13.42,36879800.0
2016-06-28,12.64,12.98,13.05,34838100.0
2016-06-27,13.13,12.22,13.23,45700500.0
2016-06-24,13.5,13.21,13.85,77486100.0
2016-06-23,13.4,14.05,14.15,71203000.0
2016-06-22,12.77,12.72,13.03,26968200.0
2016-06-21,12.53,12.75,12.82,25060500.0
2016-06-20,12.51,12.31,12.65,21481700.0
2016-06-17,11.97,12.19,12.35,20604200.0
2016-06-16,11.86,11.94,11.98,22453100.0
2016-06-15,12.15,12.02,12.25,17491700.0
2016-06-14,12.06,11.92,12.31,21913200.0
2016-06-13,12.0,12.05,12.35,15538900.0
2016-06-10,12.31,12.14,12.36,21439300.0
2016-06-09,12.47,12.51,12.69,21881700.0
2016-06-08,13.07,12.57,13.09,25869800.0
2016-06-07,12.82,13.0,13.14,21409500.0
2016-06-06,12.89,12.77,13.03,24861200.0
2016-06-03,13.02,12.85,13.03,28326000.0
2016-06-02,12.94,13.1,13.21,31941900.0
2016-06-01,12.6,13.09,13.09,35762100.0
2016-05-31,12.65,12.72,12.9,49604300.0
2016-05-27,11.97,12.31,12.43,29838400.0
2016-05-26,11.71,11.94,12.02,23644100.0
2016-05-25,11.59,11.6,11.77,29175600.0
2016-05-24,11.31,11.48,11.5,25437300.0
2016-05-23,10.84,11.14,11.17,28369200.0
2016-05-20,10.31,10.8,10.81,31189700.0
2016-05-19,10.0,10.06,10.26,18852900.0
2016-05-18,9.68,10.05,10.27,26916900.0
2016-05-17,9.64,9.67,9.92,22112100.0
2016-05-16,9.6,9.68,9.68,16247600.0
2016-05-13,9.65,9.56,9.78,21517300.0
2016-05-12,10.14,9.63,10.26,41066600.0
2016-05-11,10.02,10.1,10.32,17808400.0
2016-05-10,9.93,10.09,10.1,19608200.0
2016-05-09,10.0,9.86,10.06,20476700.0
2016-05-06,9.97,9.98,10.21,20963300.0
2016-05-05,10.06,10.06,10.39,26456300.0
2016-05-04,10.25,10.0,10.48,40867200.0
2016-05-03,10.48,10.35,10.61,27847600.0
2016-05-02,10.8,10.61,10.85,23794800.0
2016-04-29,11.63,10.75,11.68,40162100.0
2016-04-28,11.52,11.61,12.4,41186400.0
2016-04-27,11.34,11.56,11.6,24353400.0
2016-04-26,10.81,11.51,11.64,47098100.0
2016-04-25,10.67,10.55,10.88,22500000.0
2016-04-22,10.65,10.65,10.81,18715200.0
2016-04-21,10.8,10.64,10.89,15629500.0
2016-04-20,10.63,10.75,10.77,19268600.0
2016-04-19,11.07,10.72,11.07,21005700.0
2016-04-18,10.63,10.89,11.1,26372800.0
2016-04-15,10.72,10.68,10.77,25325200.0
2016-04-14,10.78,10.39,10.78,17778100.0
2016-04-13,10.3,10.88,10.89,26108900.0
2016-04-12,10.51,10.17,10.53,25679600.0
2016-04-11,10.75,10.44,10.92,18258000.0
2016-04-08,10.64,10.72,10.89,18950000.0
2016-04-07,10.42,10.51,10.64,19470200.0
2016-04-06,10.42,10.47,10.47,18413000.0
2016-04-05,10.63,10.39,10.72,20760300.0
2016-04-04,11.06,10.8,11.22,22475200.0
2016-04-01,10.27,11.02,11.06,28458300.0
2016-03-31,10.31,10.47,10.48,48134200.0
2016-03-30,10.51,10.47,10.94,35166700.0
2016-03-29,10.18,10.44,10.52,30891600.0
2016-03-28,10.5,10.38,10.59,22898800.0
2016-03-24,10.5,10.5,10.6,22822800.0
2016-03-23,11.43,10.64,11.46,29424300.0
2016-03-22,11.44,11.43,11.6,13463400.0
2016-03-21,11.14,11.52,11.6,18083000.0
2016-03-18,10.84,11.14,11.17,44827100.0
2016-03-17,10.72,10.86,11.0,19976800.0
2016-03-16,10.71,10.72,10.89,20471800.0
2016-03-15,11.14,10.85,11.14,15156500.0
2016-03-14,11.34,11.14,11.34,13531300.0
2016-03-11,10.98,11.39,11.39,17261200.0
2016-03-10,10.94,10.88,11.06,17739000.0
2016-03-09,10.76,10.81,10.9,15133800.0
2016-03-08,11.43,10.65,11.44,29648400.0
2016-03-07,11.46,11.57,11.77,27748800.0
2016-03-04,11.8,11.88,12.28,35279500.0
2016-03-03,11.72,11.78,11.85,16323300.0
2016-03-02,11.01,11.68,11.68,18197500.0
2016-03-01,10.77,11.06,11.1,15638700.0
2016-02-29,10.64,10.63,10.89,20720000.0
2016-02-26,10.78,10.69,11.0,16418800.0
2016-02-25,10.67,10.72,10.73,16153900.0
2016-02-24,10.25,10.64,10.67,18551800.0
2016-02-23,11.0,10.48,11.07,22686800.0
2016-02-22,11.36,11.05,11.43,20001700.0
2016-02-19,11.39,11.15,11.39,17907100.0
2016-02-18,11.56,11.48,11.75,21616100.0
2016-02-17,10.97,11.43,11.64,34404700.0
2016-02-16,10.35,10.81,10.86,27494100.0
2016-02-12,9.88,10.02,10.23,23857000.0
2016-02-11,9.72,9.68,9.94,27105700.0
2016-02-10,10.07,9.89,10.27,22090500.0
2016-02-09,10.01,9.97,10.34,30178600.0
2016-02-08,10.71,10.17,10.76,27424400.0
2016-02-05,11.14,11.0,11.38,22658100.0
2016-02-04,10.71,11.22,11.55,26164100.0
2016-02-03,10.67,10.76,10.85,18098100.0
2016-02-02,10.8,10.59,11.06,22090300.0
2016-02-01,11.0,10.96,11.1,25824800.0
2016-01-29,9.98,11.02,11.05,38448100.0
2016-01-28,10.47,9.89,10.55,37390400.0
2016-01-27,10.5,10.39,10.82,23013500.0
2016-01-26,10.55,10.55,10.72,26179500.0
2016-01-25,11.06,10.47,11.17,23874800.0
2016-01-22,11.18,11.06,11.56,35091300.0
2016-01-21,10.44,10.85,10.89,52299100.0
2016-01-20,10.38,10.05,10.39,65210400.0
2016-01-19,11.27,10.8,11.36,38131300.0
2016-01-15,11.35,11.07,11.65,37164600.0
2016-01-14,12.07,12.02,12.26,35810400.0
2016-01-13,12.77,12.06,12.97,35319800.0
2016-01-12,12.72,12.72,13.23,25671300.0
2016-01-11,13.36,12.52,13.46,43159100.0
2016-01-08,13.77,13.32,13.94,29064200.0
2016-01-07,13.85,13.65,14.27,26029200.0
2016-01-06,14.5,14.22,14.68,26835100.0
2016-01-05,14.42,14.81,15.07,29806700.0
2016-01-04,13.82,14.32,14.35,22622300.0
2015-12-31,14.1,14.15,14.28,13249400.0
2015-12-30,14.27,14.15,14.43,10943700.0
2015-12-29,14.35,14.34,14.51,16104200.0
2015-12-28,14.44,14.18,14.51,17658500.0
2015-12-24,14.19,14.47,14.59,14284200.0
2015-12-23,13.72,14.3,14.3,59121400.0
2015-12-22,14.8,14.6,14.94,27101100.0
2015-12-21,14.43,14.77,14.78,22217300.0
2015-12-18,14.38,14.35,14.72,38534200.0
2015-12-17,14.64,14.31,14.77,29024400.0
2015-12-16,14.35,14.06,14.44,21968200.0
2015-12-15,13.77,14.18,14.36,26455800.0
2015-12-14,14.43,13.65,14.47,35155800.0
2015-12-11,14.31,14.03,14.43,23718100.0
2015-12-10,14.28,14.65,14.8,14817000.0
2015-12-09,14.6,14.31,14.67,20917100.0
2015-12-08,14.6,14.6,14.69,18188000.0
2015-12-07,15.35,14.85,15.47,23579100.0
2015-12-04,15.53,15.5,15.93,19068500.0
2015-12-03,15.94,15.6,16.2,15210100.0
2015-12-02,16.48,15.81,16.59,16121100.0
2015-12-01,16.18,16.54,16.62,20138300.0
2015-11-30,15.59,15.93,16.01,13495300.0
2015-11-27,15.55,15.56,15.64,5019000.0
2015-11-25,15.39,15.57,15.77,10003300.0
2015-11-24,15.22,15.63,15.65,12222500.0
2015-11-23,15.53,15.31,15.67,14049000.0
2015-11-20,16.0,15.43,16.1,24068900.0
2015-11-19,15.71,15.86,16.28,18278900.0
2015-11-18,15.39,15.6,15.68,20071300.0
2015-11-17,15.02,15.27,15.72,25249600.0
2015-11-16,14.94,14.89,15.19,23731800.0
2015-11-13,15.3,15.0,15.38,21071200.0
2015-11-12,15.27,15.35,15.75,14296800.0
2015-11-11,15.64,15.5,15.78,16199800.0
2015-11-10,15.73,15.55,15.85,24591700.0
2015-11-09,16.36,15.84,16.45,23643000.0
2015-11-06,16.44,16.45,16.77,18047800.0
2015-11-05,17.52,16.51,17.71,26767000.0
2015-11-04,18.04,17.44,18.04,19246900.0
2015-11-03,17.1,17.84,17.98,22131500.0
2015-11-02,16.95,17.09,17.29,18767100.0
2015-10-30,16.37,16.55,16.62,19248400.0
2015-10-29,16.69,16.2,16.73,17073800.0
2015-10-28,16.79,16.92,17.11,15151700.0
2015-10-27,16.52,16.68,16.79,14697600.0
2015-10-26,17.15,16.57,17.25,14901400.0
2015-10-23,16.89,17.23,17.31,22439400.0
2015-10-22,16.39,16.71,17.01,33986100.0
2015-10-21,16.48,16.43,16.93,48737400.0
2015-10-20,18.89,17.09,19.04,67592500.0
2015-10-19,18.37,19.15,19.21,27543300.0
2015-10-16,18.73,18.5,18.82,15587100.0
2015-10-15,18.87,18.65,19.14,20397700.0
2015-10-14,18.77,18.81,19.29,34627900.0
2015-10-13,17.8,18.18,18.55,21778500.0
2015-10-12,18.54,18.03,18.62,22494700.0
2015-10-09,18.62,18.15,18.85,23392500.0
2015-10-08,18.59,18.71,19.1,33619600.0
2015-10-07,18.38,18.62,18.92,41913500.0
2015-10-06,17.62,18.21,18.29,51249900.0
2015-10-05,16.31,17.56,17.84,63718700.0
2015-10-02,15.22,15.9,15.94,49688200.0
2015-10-01,14.98,14.77,15.03,37460500.0
2015-09-30,14.72,14.97,15.32,28066300.0
2015-09-29,14.26,14.38,14.68,25529200.0
2015-09-28,14.67,14.06,14.72,30448600.0
2015-09-25,15.34,14.9,15.59,28917300.0
2015-09-24,14.8,15.34,15.52,32800800.0
2015-09-23,15.43,14.81,15.43,22567900.0
2015-09-22,15.35,15.4,15.81,22763900.0
2015-09-21,15.61,15.75,15.97,19024500.0
2015-09-18,16.07,15.5,16.19,36698200.0
2015-09-17,16.68,16.4,16.8,22827600.0
2015-09-16,16.45,16.68,16.7,22363200.0
2015-09-15,16.86,16.52,16.86,21319400.0
2015-09-14,16.89,16.7,16.92,15178700.0
2015-09-11,17.02,16.79,17.17,22107600.0
2015-09-10,16.8,17.2,17.42,20814300.0
2015-09-09,17.89,16.95,17.96,32951100.0
2015-09-08,17.54,17.53,17.75,26817000.0
2015-09-04,16.29,16.81,17.29,32420800.0
2015-09-03,16.38,16.59,17.2,26377200.0
2015-09-02,16.09,16.29,16.3,23478500.0
2015-09-01,15.8,15.81,16.2,27914200.0
2015-08-31,15.9,16.4,16.68,32916900.0
2015-08-28,16.25,15.96,16.54,34099400.0
2015-08-27,14.63,15.67,15.93,42971800.0
2015-08-26,14.6,14.42,14.75,43819700.0
2015-08-25,15.18,14.27,15.34,38655100.0
2015-08-24,13.81,14.43,14.43,54532000.0
2015-08-21,14.39,14.52,15.25,43715800.0
2015-08-20,15.35,14.73,15.36,54864200.0
2015-08-19,16.23,15.89,16.35,36874000.0
2015-08-18,17.0,16.37,17.0,32424300.0
2015-08-17,16.46,17.21,17.26,33001000.0
2015-08-14,17.76,16.95,17.98,37248200.0
2015-08-13,18.22,17.7,18.37,15468600.0
2015-08-12,17.64,18.19,18.32,20428400.0
2015-08-11,18.62,17.87,18.62,22959200.0
2015-08-10,18.57,18.81,18.95,25232400.0
2015-08-07,18.45,18.44,18.53,23718300.0
2015-08-06,18.93,18.71,18.95,29928600.0
2015-08-05,19.18,18.9,19.46,23370800.0
2015-08-04,19.17,19.01,19.19,19934500.0
2015-08-03,18.61,19.0,19.38,32958300.0
2015-07-31,20.02,18.51,20.03,55074900.0
2015-07-30,19.75,19.89,20.1,31248700.0
2015-07-29,19.97,19.87,20.56,41557900.0
2015-07-28,18.35,19.75,20.07,51809500.0
2015-07-27,18.1,18.12,18.67,27584100.0
2015-07-24,18.6,18.34,18.7,21567400.0
2015-07-23,18.32,18.7,18.93,32805200.0
2015-07-22,18.53,18.0,18.62,43635100.0
2015-07-21,18.84,18.87,19.11,29340300.0
2015-07-20,20.07,18.88,20.07,41989300.0
2015-07-17,19.53,20.12,20.23,34081300.0
2015-07-16,19.25,19.61,19.73,34717200.0
2015-07-15,19.48,18.88,19.64,41983200.0
2015-07-14,19.76,19.61,19.84,103878600.0
2015-07-13,17.82,17.61,17.85,35788100.0
2015-07-10,17.32,17.56,17.64,24282900.0
2015-07-09,17.87,17.14,18.01,47087100.0
2015-07-08,17.95,17.62,17.97,30898900.0
2015-07-07,18.12,18.2,18.36,46293200.0
2015-07-06,18.84,18.31,18.97,37875800.0
2015-07-02,18.82,19.06,19.37,26178100.0
2015-07-01,19.04,18.78,19.1,25027100.0
2015-06-30,18.88,18.84,19.1,34683900.0
2015-06-29,19.34,18.72,19.6,49126100.0
2015-06-26,20.27,19.65,20.6,149010300.0
2015-06-25,24.12,24.02,24.23,38347800.0
2015-06-24,24.44,24.05,24.48,21243700.0
2015-06-23,24.62,24.48,24.86,16168900.0
2015-06-22,24.13,24.62,24.7,26231200.0
2015-06-19,24.79,24.46,24.96,25589300.0
2015-06-18,24.63,24.46,24.81,21570800.0
2015-06-17,24.29,24.47,24.68,17951700.0
2015-06-16,24.04,24.23,24.31,19173100.0
2015-06-15,24.21,24.23,24.25,44190200.0
2015-06-12,24.88,25.12,25.37,21123900.0
2015-06-11,25.2,25.02,25.38,25793500.0
2015-06-10,25.52,25.19,25.59,23802900.0
2015-06-09,25.9,25.19,25.95,39816700.0
2015-06-08,26.51,25.92,26.62,23252600.0
2015-06-05,27.0,26.59,27.0,16585400.0
2015-06-04,26.89,26.98,27.23,22186200.0
2015-06-03,28.0,27.07,28.01,29623400.0
2015-06-02,28.36,27.79,28.4,18228000.0
2015-06-01,27.95,28.42,28.53,20206400.0
2015-05-29,28.42,27.93,28.42,18451300.0
2015-05-28,28.19,28.28,28.62,18667000.0
2015-05-27,27.43,28.12,28.42,23441800.0
2015-05-26,27.21,27.31,27.47,14966600.0
2015-05-22,27.22,27.32,27.64,20360300.0
2015-05-21,26.62,26.89,27.13,17258100.0
2015-05-20,26.46,26.59,26.98,22866300.0
2015-05-19,26.82,26.3,26.93,19527000.0
2015-05-18,26.15,26.76,26.82,20150000.0
2015-05-15,26.53,26.32,26.62,25864900.0
2015-05-14,27.32,26.69,27.52,32201100.0
2015-05-13,27.34,27.19,27.65,17530500.0
2015-05-12,27.54,26.87,27.57,19518800.0
2015-05-11,27.12,27.75,28.09,24591200.0
2015-05-08,27.37,27.18,27.43,34955400.0
2015-05-07,27.79,27.27,27.89,29689300.0
2015-05-06,28.21,27.98,28.29,19770700.0
2015-05-05,28.27,28.04,28.36,19347300.0
2015-05-04,29.06,28.67,29.14,13909600.0
2015-05-01,28.3,28.98,29.25,16701100.0
2015-04-30,28.79,28.12,28.85,18988900.0
2015-04-29,28.7,28.87,28.98,10964300.0
2015-04-28,29.21,28.98,29.45,12372000.0
2015-04-27,29.25,29.27,29.65,14871400.0
2015-04-24,29.73,29.2,29.73,18764300.0
2015-04-23,28.93,29.52,29.78,22039700.0
2015-04-22,28.57,29.5,29.75,29662800.0
2015-04-21,28.32,28.54,28.59,22172000.0
2015-04-20,28.12,28.26,28.38,19901000.0
2015-04-17,27.75,28.02,28.07,18157100.0
2015-04-16,27.89,28.01,28.18,16393500.0
2015-04-15,28.0,28.17,28.45,20138900.0
2015-04-14,27.72,27.71,27.89,16671900.0
2015-04-13,28.02,27.87,28.14,13636800.0
2015-04-10,27.79,28.02,28.17,19698700.0
2015-04-09,27.06,27.81,27.86,18660000.0
2015-04-08,26.57,27.12,27.35,22105800.0
2015-04-07,27.35,26.87,27.45,17820600.0
2015-04-06,26.5,27.43,27.45,22460900.0
2015-04-02,27.75,26.72,27.76,41390500.0
2015-04-01,27.12,27.12,27.35,39424700.0
2015-03-31,26.7,27.12,27.3,25292100.0
2015-03-30,26.72,26.68,26.95,26142900.0
2015-03-27,26.93,26.68,27.13,30909000.0
2015-03-26,25.76,26.65,27.17,44702400.0
2015-03-25,27.86,26.56,27.87,35874000.0
2015-03-24,28.11,27.95,28.35,15670800.0
2015-03-23,28.46,28.02,28.51,18699400.0
2015-03-20,28.31,28.68,28.76,23608200.0
2015-03-19,28.1,28.04,28.22,21656600.0
2015-03-18,28.01,28.15,28.35,24544800.0
2015-03-17,27.72,27.65,27.97,24932400.0
2015-03-16,28.96,28.51,29.26,18183900.0
2015-03-13,27.96,28.71,28.77,23678700.0
2015-03-12,27.11,28.02,28.37,19567700.0
2015-03-11,27.93,27.87,28.18,17471600.0
2015-03-10,28.1,27.61,28.31,29749000.0
2015-03-09,28.54,28.65,28.78,17563000.0
2015-03-06,29.21,28.5,29.27,28302000.0
2015-03-05,29.45,29.28,29.84,24007700.0
2015-03-04,29.71,29.27,29.76,26709000.0
2015-03-03,30.37,29.65,30.69,28945700.0
2015-03-02,31.07,31.23,31.5,18443200.0
2015-02-27,30.96,30.67,31.2,15651200.0
2015-02-26,30.54,30.62,30.96,14932000.0
2015-02-25,30.6,30.47,30.92,16774700.0
2015-02-24,30.13,30.77,30.95,54985000.0
2015-02-23,31.86,31.39,31.9,13867900.0
2015-02-20,31.73,32.02,32.04,16531500.0
2015-02-19,32.11,31.8,32.2,13431000.0
2015-02-18,32.25,32.16,32.5,12348400.0
2015-02-17,32.31,32.33,32.84,19877400.0
2015-02-13,32.2,31.85,32.4,18739200.0
2015-02-12,31.05,31.94,32.04,23793200.0
2015-02-11,31.09,31.02,31.57,29782200.0
2015-02-10,29.1,31.09,31.13,43831000.0
2015-02-09,28.77,28.35,28.77,22390300.0
2015-02-06,29.54,28.9,29.89,18744100.0
2015-02-05,29.29,29.48,29.52,19785900.0
2015-02-04,28.8,29.03,29.23,20932800.0
2015-02-03,28.56,28.95,29.09,24009200.0
2015-02-02,29.25,28.44,29.38,34019600.0
2015-01-30,29.39,29.27,29.79,23451600.0
2015-01-29,29.29,29.7,29.82,30282700.0
2015-01-28,30.0,29.1,30.19,21685200.0
2015-01-27,30.43,29.64,30.45,27587900.0
2015-01-26,30.54,31.02,31.02,19175500.0
2015-01-23,30.88,30.95,31.12,21161800.0
2015-01-22,30.45,30.88,30.95,22299200.0
2015-01-21,29.5,30.48,30.73,27258700.0
2015-01-20,29.51,29.67,30.02,29884200.0
2015-01-16,29.14,28.98,29.26,58433300.0
2015-01-15,30.25,29.29,30.42,28512400.0
2015-01-14,30.27,30.04,31.2,35766100.0
2015-01-13,31.92,30.84,32.2,40260500.0
2015-01-12,32.38,31.65,32.99,41982700.0
2015-01-09,33.75,33.52,33.86,19328500.0
2015-01-08,32.56,33.66,33.86,31947100.0
2015-01-07,31.53,32.09,32.97,52552300.0
2015-01-06,34.09,32.86,34.22,40092000.0
2015-01-05,34.7,33.77,34.74,23706600.0
2015-01-02,35.24,34.75,35.52,15138200.0
2014-12-31,35.45,35.0,35.52,10714300.0
2014-12-30,35.43,35.4,35.74,11480500.0
2014-12-29,35.27,35.52,35.68,12365800.0
2014-12-26,35.02,35.0,35.22,6883700.0
2014-12-24,35.02,34.9,35.09,4672900.0
2014-12-23,34.91,34.97,35.18,10949000.0
2014-12-22,34.75,34.63,35.0,12687900.0
2014-12-19,34.59,34.49,34.79,18469600.0
2014-12-18,34.61,34.45,34.79,18200600.0
2014-12-17,33.08,33.83,33.9,19434600.0
2014-12-16,32.9,32.91,33.91,28611600.0
2014-12-15,34.34,33.34,34.45,27305700.0
2014-12-12,34.91,34.0,34.93,19798900.0
2014-12-11,35.15,35.18,35.81,13261400.0
2014-12-10,35.43,34.86,35.65,17037900.0
2014-12-09,34.84,35.65,35.7,16503500.0
2014-12-08,36.45,36.02,36.59,15815300.0
2014-12-05,36.09,36.49,36.5,14114800.0
2014-12-04,36.02,36.06,36.5,16477600.0
2014-12-03,35.9,36.09,36.34,29011500.0
2014-12-02,35.04,35.59,35.77,14281500.0
2014-12-01,35.97,34.99,36.13,21342300.0
2014-11-28,35.84,35.95,36.22,11645700.0
2014-11-26,34.63,35.61,35.66,18288100.0
2014-11-25,34.77,34.79,34.97,13985200.0
2014-11-24,34.4,34.72,35.25,24974400.0
2014-11-21,33.7,34.29,34.38,25563100.0
2014-11-20,32.72,33.2,33.47,13613300.0
2014-11-19,32.93,32.95,33.22,14590200.0
2014-11-18,32.29,32.86,33.15,15538900.0
2014-11-17,31.89,32.29,32.4,18259300.0
2014-11-14,32.93,32.61,32.93,17434600.0
2014-11-13,32.97,32.93,33.2,10851300.0
2014-11-12,33.04,32.9,33.16,14322400.0
2014-11-11,32.97,33.2,33.38,11285000.0
2014-11-10,32.93,33.09,33.11,13827300.0
2014-11-07,33.31,33.0,33.38,19337500.0
2014-11-06,33.5,33.34,33.79,23576600.0
2014-11-05,33.5,33.7,33.75,23137200.0
2014-11-04,33.47,33.36,33.59,16503900.0
2014-11-03,33.18,33.5,33.9,19655500.0
2014-10-31,32.9,33.09,33.34,28541400.0
2014-10-30,31.75,31.81,32.08,26761000.0
2014-10-29,32.5,32.27,32.65,21418700.0
2014-10-28,32.5,32.61,32.66,20981000.0
2014-10-27,31.95,32.29,32.38,26775900.0
2014-10-24,30.97,31.05,31.12,17761300.0
2014-10-23,31.04,30.88,31.37,22071100.0
2014-10-22,31.52,30.56,31.54,25500600.0
2014-10-21,30.39,31.19,31.34,40875100.0
2014-10-20,29.11,29.69,29.72,22357800.0
2014-10-17,28.9,28.77,29.72,34712800.0
2014-10-16,27.32,28.29,28.86,42111600.0
2014-10-15,26.79,27.54,28.89,50523300.0
2014-10-14,27.79,27.38,28.4,41365600.0
2014-10-13,28.59,27.03,28.86,44360600.0
2014-10-10,29.75,27.79,29.87,85752700.0
2014-10-09,32.11,30.63,32.18,35910800.0
2014-10-08,31.89,32.31,32.4,28069300.0
2014-10-07,32.4,31.87,32.86,28827000.0
2014-10-06,33.18,32.56,33.29,43417100.0
2014-10-03,34.08,33.93,34.4,22565400.0
2014-10-02,33.65,33.81,34.08,27337000.0
2014-10-01,34.25,33.5,34.25,36237600.0
2014-09-30,34.63,34.25,34.72,25768900.0
2014-09-29,33.41,34.5,34.84,33981900.0
2014-09-26,33.97,33.83,34.09,53975000.0
2014-09-25,32.4,31.7,32.56,36427700.0
2014-09-24,31.79,32.22,32.34,25781300.0
2014-09-23,30.51,31.2,31.48,22704300.0
2014-09-22,31.43,30.6,31.44,21713800.0
2014-09-19,32.47,31.62,32.54,25223300.0
2014-09-18,32.24,32.47,32.47,12485100.0
2014-09-17,31.46,31.97,32.27,19493200.0
2014-09-16,30.09,31.45,31.57,28739800.0
2014-09-15,31.39,30.02,31.52,37018500.0
2014-09-12,32.0,31.53,32.15,12561500.0
2014-09-11,31.85,32.04,32.18,11371100.0
2014-09-10,32.15,32.09,32.2,24643500.0
2014-09-09,33.0,31.97,33.02,20209400.0
2014-09-08,32.99,33.13,33.4,17933300.0
2014-09-05,32.09,32.93,32.95,17772600.0
2014-09-04,31.95,32.11,32.83,24800000.0
2014-09-03,31.44,31.68,31.69,23928200.0
2014-09-02,32.43,31.51,32.59,26980200.0
2014-08-29,32.95,32.59,32.99,13519100.0
2014-08-28,32.81,32.81,32.9,10890300.0
2014-08-27,32.83,32.99,33.04,12208200.0
2014-08-26,33.27,32.88,33.43,16075500.0
2014-08-25,33.5,33.2,33.7,12700600.0
2014-08-22,33.2,33.29,33.45,11758400.0
2014-08-21,33.04,33.18,33.31,16583200.0
2014-08-20,32.38,33.29,33.38,21265400.0
2014-08-19,32.29,32.4,32.7,15020300.0
2014-08-18,31.69,32.04,32.09,17508600.0
2014-08-15,31.39,31.48,31.72,20560700.0
2014-08-14,30.87,31.04,31.23,16873700.0
2014-08-13,30.88,31.37,31.57,17832900.0
2014-08-12,30.55,30.7,30.94,21496400.0
2014-08-11,30.31,30.73,30.84,20600100.0
2014-08-08,29.85,30.04,30.25,22893300.0
2014-08-07,30.89,29.68,31.19,35983600.0
2014-08-06,31.05,30.68,31.18,34903400.0
2014-08-05,31.36,31.09,32.09,31699300.0
2014-08-04,31.2,31.69,31.86,21821600.0
2014-08-01,30.87,31.09,31.37,26175300.0
2014-07-31,31.17,30.54,31.25,64996200.0
2014-07-30,32.38,32.52,32.74,16001600.0
2014-07-29,32.13,32.13,32.5,19377500.0
2014-07-28,33.34,31.97,33.45,34203200.0
2014-07-25,33.68,33.41,33.81,19655100.0
2014-07-24,33.86,33.88,34.27,22684000.0
2014-07-23,33.54,33.68,33.77,20897100.0
2014-07-22,33.34,33.63,33.68,14366200.0
2014-07-21,33.0,33.06,33.34,15789100.0
2014-07-18,33.18,33.15,33.75,28525600.0
2014-07-17,33.83,33.04,34.0,36943500.0
2014-07-16,34.41,34.63,34.84,30731700.0
2014-07-15,33.72,34.02,34.15,27186500.0
2014-07-14,33.13,33.59,33.72,20349500.0
2014-07-11,32.84,32.79,33.16,18868300.0
2014-07-10,32.18,32.77,33.09,32916800.0
2014-07-09,32.59,32.88,32.93,39287700.0
2014-07-08,32.79,33.13,33.27,34637500.0
2014-07-07,33.61,32.86,33.65,21383200.0
2014-07-03,34.09,33.72,34.27,13883900.0
2014-07-02,34.0,33.75,34.27,26620500.0
2014-07-01,33.24,33.97,34.5,36348500.0
2014-06-30,32.06,32.95,33.04,31032300.0
2014-06-27,31.87,31.51,31.93,46770900.0
2014-06-26,32.31,32.0,32.4,20353300.0
2014-06-25,32.34,32.34,32.74,29796700.0
2014-06-24,31.51,32.5,32.97,59689500.0
2014-06-23,32.29,31.26,32.29,48594600.0
2014-06-20,31.87,31.85,31.93,28266500.0
2014-06-19,32.09,31.8,32.16,22402300.0
2014-06-18,32.38,32.06,32.43,30089900.0
2014-06-17,32.0,32.25,32.4,25195500.0
2014-06-16,31.43,31.9,32.18,35496500.0
2014-06-13,31.13,31.17,31.46,23275600.0
2014-06-12,31.06,30.86,31.21,28152900.0
2014-06-11,30.64,30.98,31.6,55472400.0
2014-06-10,29.0,29.51,29.54,24108900.0
2014-06-09,29.48,29.0,29.71,20635300.0
2014-06-06,29.14,29.54,29.54,18319800.0
2014-06-05,29.09,29.04,29.47,21878500.0
2014-06-04,28.57,28.96,29.01,14377400.0
2014-06-03,28.55,28.67,28.93,14002300.0
2014-06-02,28.61,28.65,28.71,14522600.0
2014-05-30,28.62,28.59,28.89,24068700.0
2014-05-29,28.79,28.57,29.03,23288800.0
2014-05-28,28.29,28.61,28.92,25382300.0
2014-05-27,27.53,28.05,28.11,23525400.0
2014-05-23,27.18,27.32,27.39,12406800.0
2014-05-22,27.03,27.17,27.38,14936600.0
2014-05-21,26.93,26.98,27.2,19021300.0
2014-05-20,26.96,26.54,27.15,21830400.0
2014-05-19,26.37,26.94,27.0,21930500.0
2014-05-16,25.84,26.03,26.35,19890900.0
2014-05-15,26.8,25.86,26.88,41523500.0
2014-05-14,27.53,26.86,27.65,28161200.0
2014-05-13,27.5,27.62,27.78,29540000.0
2014-05-12,27.03,27.51,27.54,22396900.0
2014-05-09,26.95,26.84,27.05,20679100.0
2014-05-08,26.34,26.93,27.39,27015400.0
2014-05-07,26.69,26.42,26.87,24487200.0
2014-05-06,26.82,26.68,27.18,23078300.0
2014-05-05,26.25,26.73,26.84,21120800.0
2014-05-02,26.26,26.3,26.63,18326000.0
2014-05-01,26.2,26.25,26.81,28231400.0
2014-04-30,25.17,26.12,26.12,28811800.0
2014-04-29,24.75,25.1,25.29,19746700.0
2014-04-28,25.43,24.57,25.72,32168000.0
2014-04-25,25.6,25.26,25.68,26022500.0
2014-04-24,26.45,26.15,26.62,39791400.0
2014-04-23,26.19,26.25,26.45,32508700.0
2014-04-22,25.51,26.18,26.28,45903400.0
2014-04-21,25.04,25.31,25.38,45434800.0
2014-04-17,23.11,23.9,24.13,46206900.0
2014-04-16,22.36,22.47,22.56,21619500.0
2014-04-15,21.92,22.17,22.23,25067600.0
2014-04-14,21.36,21.89,22.13,31740100.0
2014-04-11,21.48,21.12,21.93,35232600.0
2014-04-10,22.7,21.68,22.95,37066500.0
2014-04-09,22.57,22.6,22.84,31636000.0
2014-04-08,22.05,22.2,22.43,44299000.0
2014-04-07,22.52,21.7,22.97,63603900.0
2014-04-04,24.79,22.57,24.85,77296000.0
2014-04-03,24.55,24.0,24.72,40670000.0
2014-04-02,24.56,24.35,24.6,24486300.0
2014-04-01,23.84,24.44,24.45,36880800.0
2014-03-31,22.29,23.65,23.68,39630300.0
2014-03-28,21.98,21.9,22.54,37763700.0
2014-03-27,22.8,22.23,22.82,35985000.0
2014-03-26,23.62,22.82,23.88,24590700.0
2014-03-25,23.63,23.53,23.92,17054900.0
2014-03-24,23.8,23.47,24.1,23740900.0
2014-03-21,24.11,23.65,24.26,32238500.0
2014-03-20,23.93,24.01,24.36,19735500.0
2014-03-19,24.45,23.97,24.62,19799500.0
2014-03-18,24.04,24.48,24.6,27425600.0
2014-03-17,24.11,23.93,24.17,17778700.0
2014-03-14,24.06,23.95,24.31,24575000.0
2014-03-13,24.9,24.11,24.94,35572900.0
2014-03-12,24.6,24.84,24.94,19272800.0
2014-03-11,24.93,24.67,25.06,21103100.0
2014-03-10,24.31,24.85,24.94,23662500.0
2014-03-07,24.81,24.42,24.88,23827000.0
2014-03-06,24.85,24.77,24.87,32312100.0
2014-03-05,25.07,24.82,25.12,25938700.0
2014-03-04,24.87,25.11,25.14,32780000.0
2014-03-03,23.86,24.47,24.77,35961800.0
2014-02-28,24.22,24.19,24.36,33877300.0
2014-02-27,24.14,24.19,24.34,39242800.0
2014-02-26,24.3,24.21,24.72,20936900.0
2014-02-25,24.79,24.26,25.0,37147600.0
2014-02-24,25.14,24.75,25.21,33037900.0
2014-02-21,25.56,25.07,25.59,44791800.0
2014-02-20,25.35,25.48,25.65,23288000.0
2014-02-19,25.42,25.42,25.68,27239800.0
2014-02-18,25.19,25.42,25.65,34133700.0
2014-02-14,24.88,25.07,25.29,32449600.0
2014-02-13,24.84,24.9,25.01,23317000.0
2014-02-12,24.9,24.88,25.15,23915300.0
2014-02-11,24.85,24.7,25.06,21177200.0
2014-02-10,24.63,24.87,25.23,28374800.0
2014-02-07,24.37,24.51,24.63,47809700.0
2014-02-06,23.51,24.11,24.77,65314700.0
2014-02-05,22.95,23.3,23.47,26097800.0
2014-02-04,22.95,23.0,23.18,20104700.0
2014-02-03,23.0,22.8,23.62,36010100.0
2014-01-31,23.1,23.04,23.5,29539000.0
2014-01-30,23.11,23.45,23.76,32630000.0
2014-01-29,22.84,22.7,23.27,21718400.0
2014-01-28,22.88,23.04,23.2,27555900.0
2014-01-27,23.1,22.89,23.37,30006400.0
2014-01-24,23.5,22.92,23.64,30019100.0
2014-01-23,23.3,23.63,23.64,29418600.0
2014-01-22,22.79,23.64,23.79,31254300.0
2014-01-21,22.39,23.12,23.18,29508700.0
2014-01-17,22.89,22.37,23.28,46943200.0
2014-01-16,23.47,23.12,23.59,28888700.0
2014-01-15,23.71,23.32,23.76,26949000.0
2014-01-14,22.87,23.67,23.79,33092200.0
2014-01-13,23.7,23.32,23.79,27619700.0
2014-01-10,23.38,23.7,23.71,33930200.0
2014-01-09,23.6,23.23,23.7,42782900.0
2014-01-08,24.2,23.87,24.5,93499500.0
2014-01-07,20.88,21.72,21.94,67904500.0
2014-01-06,20.96,20.67,20.96,38180500.0
2014-01-03,21.2,20.96,21.43,34590200.0
2014-01-02,21.68,21.65,21.79,26413500.0
2013-12-31,21.4,21.75,21.93,25122400.0
2013-12-30,21.45,21.29,21.68,19267100.0
2013-12-27,21.93,21.52,21.98,19386300.0
2013-12-26,21.82,21.73,22.25,17095500.0
2013-12-24,21.62,21.81,21.89,12857500.0
2013-12-23,21.44,21.48,21.67,40831000.0
2013-12-20,21.79,22.17,22.57,49176400.0
2013-12-19,21.72,21.62,22.28,37767000.0
2013-12-18,22.48,21.8,22.48,106635200.0
2013-12-17,22.85,22.92,22.97,26694900.0
2013-12-16,23.17,22.77,23.42,35065800.0
2013-12-13,22.72,23.07,23.2,31018700.0
2013-12-12,22.68,22.54,23.09,52600200.0
2013-12-11,22.46,22.5,22.9,52447500.0
2013-12-10,23.12,23.13,23.44,41919500.0
2013-12-09,22.65,23.12,23.67,65756700.0
2013-12-06,21.96,22.3,22.3,32237800.0
2013-12-05,21.86,21.64,22.09,30302800.0
2013-12-04,21.68,21.76,21.93,34609000.0
2013-12-03,21.44,21.82,21.89,43553100.0
2013-12-02,21.1,21.27,21.63,34102800.0
2013-11-29,21.29,21.1,21.3,20081800.0
2013-11-27,20.4,21.17,21.19,40572700.0
2013-11-26,19.93,20.3,20.4,33585000.0
2013-11-25,20.44,19.86,20.5,33866000.0
2013-11-22,19.9,20.19,20.31,40144800.0
2013-11-21,19.04,19.98,20.11,93347300.0
2013-11-20,19.19,18.79,19.21,44809000.0
2013-11-19,19.35,19.05,19.87,51853700.0
2013-11-18,19.57,19.29,19.87,47549900.0
2013-11-15,19.37,19.45,19.82,51592800.0
2013-11-14,18.9,19.19,19.2,31418000.0
2013-11-13,18.46,18.92,18.98,38821200.0
2013-11-12,18.17,18.62,18.67,32224800.0
2013-11-11,18.04,18.27,18.28,36990400.0
2013-11-08,17.7,18.11,18.12,33201300.0
2013-11-07,17.82,17.71,18.15,54192000.0
2013-11-06,17.77,17.5,17.81,21799500.0
2013-11-05,17.73,17.67,17.79,23797000.0
2013-11-04,17.62,17.88,17.98,37798300.0
2013-11-01,17.75,17.57,17.9,41364500.0
2013-10-31,17.28,17.68,17.79,42547400.0
2013-10-30,17.61,17.38,17.63,32373200.0
2013-10-29,17.02,17.5,17.5,51381400.0
2013-10-28,16.52,16.71,16.75,19926900.0
2013-10-25,16.92,16.57,16.98,28678300.0
2013-10-24,16.43,16.82,16.92,30291300.0
2013-10-23,16.48,16.54,16.59,39244600.0
2013-10-22,16.7,16.76,16.94,48362800.0
2013-10-21,17.03,16.56,17.13,44886200.0
2013-10-18,17.17,17.03,17.25,34970600.0
2013-10-17,17.0,17.14,17.15,40714800.0
2013-10-16,17.07,16.95,17.29,49096400.0
2013-10-15,17.07,16.92,17.43,63043900.0
2013-10-14,16.56,17.06,17.14,62909500.0
2013-10-11,17.88,16.84,18.01,153906100.0
2013-10-10,18.36,18.43,18.59,78690500.0
2013-10-09,18.03,18.14,18.45,67714300.0
2013-10-08,18.6,17.93,18.64,57008600.0
2013-10-07,18.77,18.48,18.85,61970900.0
2013-10-04,18.07,18.46,18.54,48080600.0
2013-10-03,17.94,18.02,18.1,59041700.0
2013-10-02,17.64,17.65,18.12,49128100.0
2013-10-01,17.54,17.61,17.75,32979500.0
2013-09-30,17.31,17.46,17.63,30082400.0
2013-09-27,17.46,17.62,17.95,45015600.0
2013-09-26,17.31,17.46,17.53,49153400.0
2013-09-25,17.05,16.96,17.32,44413400.0
2013-09-24,17.12,17.04,17.15,34793100.0
2013-09-23,17.22,17.04,17.35,30442400.0
2013-09-20,17.23,17.22,17.48,30036800.0
2013-09-19,17.51,17.15,17.59,43702900.0
2013-09-18,16.87,17.27,17.29,43515600.0
2013-09-17,16.46,16.84,16.86,32439700.0
2013-09-16,16.54,16.44,16.69,35709000.0
2013-09-13,16.0,16.2,16.23,55788100.0
2013-09-12,16.52,16.2,16.85,55883900.0
2013-09-11,16.29,16.48,16.6,48497900.0
2013-09-10,15.89,16.26,16.64,80821300.0
2013-09-09,15.39,15.61,15.68,32745800.0
2013-09-06,15.23,15.26,15.35,38111000.0
2013-09-05,14.94,15.17,15.21,38713900.0
2013-09-04,14.97,14.75,15.27,117540600.0
2013-09-03,13.77,14.01,14.14,37060500.0
2013-08-30,13.59,13.56,13.68,22278600.0
2013-08-29,13.22,13.56,13.73,23787700.0
2013-08-28,13.18,13.23,13.35,36138600.0
2013-08-27,13.56,13.18,13.59,39898700.0
2013-08-26,13.89,13.77,13.92,16331500.0
2013-08-23,13.9,13.85,13.93,15663000.0
2013-08-22,13.75,13.85,14.07,15091700.0
2013-08-21,13.81,13.63,13.89,29709100.0
2013-08-20,13.81,13.8,13.9,24379600.0
2013-08-19,14.0,13.8,14.02,25506900.0
2013-08-16,14.17,14.01,14.35,30624000.0
2013-08-15,14.4,14.13,14.4,53528900.0
2013-08-14,14.81,14.81,15.06,47850600.0
2013-08-13,14.14,14.97,14.97,84457700.0
2013-08-12,13.94,13.82,14.15,35376800.0
2013-08-09,13.75,13.98,14.52,64619700.0
2013-08-08,13.81,13.94,14.05,39511800.0
2013-08-07,14.0,13.81,14.03,34736800.0
2013-08-06,14.15,14.14,14.23,29094900.0
2013-08-05,13.51,14.17,14.18,43741000.0
2013-08-02,13.5,13.5,13.6,26500600.0
2013-08-01,13.38,13.56,13.63,32858900.0
2013-07-31,12.67,13.23,13.28,45062600.0
2013-07-30,12.5,12.6,12.68,48759000.0
2013-07-29,12.67,12.47,12.86,40786800.0
2013-07-26,13.06,12.59,13.1,68782400.0
2013-07-25,12.94,13.28,13.43,42692600.0
2013-07-24,13.8,13.1,13.82,46712000.0
2013-07-23,13.89,13.64,14.06,38691100.0
2013-07-22,13.61,13.82,13.9,24337500.0
2013-07-19,13.67,13.72,13.72,27734400.0
2013-07-18,13.78,13.68,13.85,38727500.0
2013-07-17,13.44,13.59,13.72,32539300.0
2013-07-16,13.15,13.38,13.4,42885300.0
2013-07-15,12.76,13.06,13.18,30926300.0
2013-07-12,12.73,12.68,12.85,33419400.0
2013-07-11,12.86,12.69,12.88,52215600.0
2013-07-10,12.93,12.55,13.23,89592900.0
2013-07-09,14.07,13.14,14.14,91816900.0
2013-07-08,14.35,14.02,14.35,53084600.0
2013-07-05,14.27,14.31,14.36,29746900.0
2013-07-03,14.28,14.14,14.28,24489300.0
2013-07-02,14.02,14.31,14.32,61198800.0
2013-07-01,14.47,14.27,14.6,33909600.0
2013-06-28,14.3,14.32,14.47,36612300.0
2013-06-27,14.3,14.34,14.52,38747100.0
2013-06-26,13.89,14.18,14.31,44886100.0
2013-06-25,13.73,13.75,13.81,32876400.0
2013-06-24,13.81,13.46,13.86,68189200.0
2013-06-21,13.85,13.89,14.05,73389200.0
2013-06-20,13.47,13.53,13.81,75247900.0
2013-06-19,13.81,13.97,14.1,83958500.0
2013-06-18,13.34,13.75,13.76,57594500.0
2013-06-17,13.15,13.23,13.5,50588300.0
2013-06-14,13.07,12.76,13.15,29740300.0
2013-06-13,12.52,12.9,12.92,30212000.0
2013-06-12,12.97,12.48,13.11,34199300.0
2013-06-11,12.86,12.81,13.19,49707600.0
2013-06-10,12.64,12.94,13.07,40488200.0
2013-06-07,12.56,12.64,12.72,32419000.0
2013-06-06,12.18,12.35,12.53,47860200.0
2013-06-05,11.68,12.02,12.14,40890700.0
2013-06-04,11.72,11.71,12.0,26370500.0
2013-06-03,11.73,11.72,11.98,26382900.0
2013-05-31,11.82,11.68,11.9,23852400.0
2013-05-30,11.81,11.89,11.98,25785400.0
2013-05-29,11.68,11.82,11.92,25205300.0
2013-05-28,11.73,11.77,11.88,25633800.0
2013-05-24,11.3,11.59,11.65,28601200.0
2013-05-23,10.72,11.39,11.48,57163600.0
2013-05-22,11.22,10.92,11.68,51844400.0
2013-05-21,11.21,11.22,11.31,18960900.0
2013-05-20,11.31,11.21,11.39,24658400.0
2013-05-17,11.15,11.31,11.42,30543500.0
2013-05-16,10.93,11.06,11.26,35917300.0
2013-05-15,10.68,10.86,11.0,25065200.0
2013-05-14,10.69,10.64,10.71,20576300.0
2013-05-13,10.75,10.65,10.81,22562900.0
2013-05-10,10.6,10.81,10.89,35312700.0
2013-05-09,10.22,10.71,10.75,46665700.0
2013-05-08,9.92,10.23,10.26,37045600.0
2013-05-07,9.8,9.97,9.97,26888100.0
2013-05-06,9.72,9.76,9.93,21108200.0
2013-05-03,9.44,9.63,9.69,23335200.0
2013-05-02,9.1,9.31,9.35,26660200.0
2013-05-01,9.42,9.19,9.47,29159700.0
2013-04-30,9.4,9.42,9.46,27791600.0
2013-04-29,9.47,9.35,9.5,17186600.0
2013-04-26,9.5,9.43,9.72,20556000.0
2013-04-25,9.35,9.52,9.64,28185700.0
2013-04-24,9.39,9.42,9.5,21298900.0
2013-04-23,9.39,9.42,9.48,24320300.0
2013-04-22,9.35,9.31,9.43,25020600.0
2013-04-19,9.26,9.35,9.47,32770600.0
2013-04-18,9.52,9.22,9.57,34728800.0
2013-04-17,9.73,9.39,9.76,37553400.0
2013-04-16,9.77,9.86,9.89,28029600.0
2013-04-15,9.93,9.56,9.96,28377200.0
2013-04-12,9.92,10.01,10.09,19487800.0
2013-04-11,9.9,9.97,10.14,28744300.0
2013-04-10,9.64,10.09,10.22,49796900.0
2013-04-09,9.44,9.56,9.67,21306900.0
2013-04-08,9.28,9.39,9.4,27065000.0
2013-04-05,9.14,9.31,9.59,41684200.0
2013-04-04,9.09,9.31,9.32,30485200.0
2013-04-03,9.35,9.1,9.44,31012800.0
2013-04-02,9.51,9.3,9.71,36023200.0
2013-04-01,9.97,9.38,9.97,44911900.0
2013-03-28,10.01,9.97,10.02,21787500.0
2013-03-27,9.76,9.96,10.03,27592700.0
2013-03-26,9.92,9.92,10.1,29906700.0
2013-03-25,10.01,9.88,10.13,39368000.0
2013-03-22,9.75,10.03,10.27,99807600.0
2013-03-21,9.35,9.06,9.36,39419600.0
2013-03-20,9.32,9.31,9.47,31547600.0
2013-03-19,9.27,9.23,9.4,26663100.0
2013-03-18,9.05,9.18,9.31,28917300.0
2013-03-15,9.73,9.36,9.75,43397000.0
2013-03-14,9.61,9.68,9.73,25192800.0
2013-03-13,9.35,9.51,9.65,41491000.0
2013-03-12,9.35,9.31,9.44,35260600.0
2013-03-11,9.14,9.35,9.39,43535800.0
2013-03-08,9.02,9.19,9.23,34822800.0
2013-03-07,8.77,8.93,8.94,26147300.0
2013-03-06,8.81,8.64,8.88,19929100.0
2013-03-05,8.55,8.72,8.78,36701000.0
2013-03-04,8.22,8.39,8.53,40980800.0
2013-03-01,8.31,8.25,8.35,19215200.0
2013-02-28,8.22,8.38,8.5,44039800.0
2013-02-27,7.96,8.18,8.22,21590500.0
2013-02-26,7.98,7.96,8.07,25972800.0
2013-02-25,8.11,7.92,8.22,36297900.0
2013-02-22,7.76,8.02,8.02,28722100.0
2013-02-21,7.82,7.67,7.88,37865800.0
2013-02-20,8.19,7.88,8.25,32447700.0
2013-02-19,7.9,8.11,8.11,24703800.0
2013-02-15,8.1,7.9,8.22,40145400.0
2013-02-14,7.9,8.07,8.09,24535600.0
2013-02-13,7.94,7.94,7.98,15371200.0
2013-02-12,7.9,7.92,7.98,19868600.0
2013-02-11,7.76,7.9,7.94,20221800.0
2013-02-08,7.78,7.75,7.8,24731700.0
2013-02-07,7.98,7.73,8.03,58974800.0
2013-02-06,7.69,7.94,8.06,46545300.0
2013-02-05,7.82,7.86,7.92,21156900.0
2013-02-04,7.8,7.76,8.01,27028200.0
2013-02-01,7.65,7.82,7.84,18710800.0
2013-01-31,7.63,7.55,7.69,25680800.0
2013-01-30,7.57,7.65,7.73,21175000.0
2013-01-29,7.8,7.57,7.82,35140300.0
2013-01-28,7.88,7.82,7.98,20638000.0
2013-01-25,7.88,7.86,8.07,30082500.0
2013-01-24,7.71,7.82,7.88,18816000.0
2013-01-23,7.88,7.78,7.9,23846100.0
2013-01-22,7.84,7.84,7.92,23287200.0
2013-01-18,7.8,7.88,7.98,33156900.0
2013-01-17,7.69,7.8,7.86,28642800.0
2013-01-16,7.63,7.67,7.75,18978000.0
2013-01-15,7.53,7.59,7.61,20793800.0
2013-01-14,7.5,7.59,7.69,31488200.0
2013-01-11,7.38,7.53,7.55,25837200.0
2013-01-10,7.36,7.42,7.44,18685600.0
2013-01-09,7.25,7.3,7.38,20647500.0
2013-01-08,7.13,7.23,7.28,30791800.0
2013-01-07,7.05,7.17,7.28,31133300.0
2013-01-04,6.94,6.96,6.96,18802700.0
2013-01-03,6.63,6.9,6.96,39091500.0
2013-01-02,6.59,6.63,6.67,29556500.0
2012-12-31,6.13,6.34,6.36,18787600.0
2012-12-28,6.15,6.13,6.28,15127400.0
2012-12-27,6.17,6.21,6.26,18455400.0
2012-12-26,6.23,6.17,6.34,10342300.0
2012-12-24,6.38,6.23,6.38,6840000.0
2012-12-21,6.48,6.32,6.48,58144400.0
2012-12-20,6.84,6.78,6.86,19997000.0
2012-12-19,6.71,6.82,6.86,25576000.0
2012-12-18,6.61,6.69,6.71,28810700.0
2012-12-17,6.84,6.61,6.9,34772400.0
2012-12-14,6.73,6.84,6.88,23368900.0
2012-12-13,6.73,6.65,6.8,24047400.0
2012-12-12,6.86,6.71,6.86,28353700.0
2012-12-11,6.69,6.76,6.84,24442700.0
2012-12-10,6.44,6.67,6.73,32458100.0
2012-12-07,6.42,6.44,6.51,22046900.0
2012-12-06,6.15,6.4,6.42,30376200.0
2012-12-05,6.05,6.17,6.19,18644200.0
2012-12-04,6.0,6.03,6.05,20645500.0
2012-12-03,6.01,5.92,6.03,15082300.0
2012-11-30,5.88,5.96,5.98,20270200.0
2012-11-29,5.8,5.9,5.92,25011800.0
2012-11-28,5.61,5.76,5.78,24166600.0
2012-11-27,5.71,5.67,5.78,34241300.0
2012-11-26,5.67,5.69,5.78,29431300.0
2012-11-23,5.57,5.67,5.71,13674700.0
2012-11-21,5.53,5.51,5.55,17426100.0
2012-11-20,5.48,5.55,5.59,17348700.0
2012-11-19,5.55,5.53,5.67,28105900.0
2012-11-16,5.48,5.46,5.51,25895300.0
2012-11-15,5.63,5.46,5.63,19620000.0
2012-11-14,5.78,5.55,5.82,21264400.0
2012-11-13,5.46,5.73,5.8,29127300.0
2012-11-12,5.63,5.57,5.69,19265200.0
2012-11-09,5.69,5.61,5.8,22103800.0
2012-11-08,5.86,5.69,5.92,30618500.0
2012-11-07,5.94,5.9,6.01,39729900.0
2012-11-06,5.88,6.09,6.09,46489800.0
2012-11-05,5.69,5.84,5.88,20052000.0
2012-11-02,5.82,5.71,5.86,24445700.0
2012-11-01,5.51,5.78,5.8,20757200.0
2012-10-31,5.53,5.42,5.65,18546200.0
2012-10-26,5.59,5.46,5.69,28145300.0
2012-10-25,5.19,5.69,5.71,46181100.0
2012-10-24,5.46,5.17,5.5,35474400.0
2012-10-23,5.34,5.4,5.48,36240300.0
2012-10-22,5.46,5.44,5.46,26365300.0
2012-10-19,5.76,5.44,5.76,23348000.0
2012-10-18,5.78,5.65,5.82,16866700.0
2012-10-17,5.75,5.78,5.84,16544400.0
2012-10-16,5.71,5.78,5.8,16460300.0
2012-10-15,5.76,5.71,5.76,15011600.0
2012-10-12,5.76,5.67,5.8,20027100.0
2012-10-11,5.76,5.75,5.78,23649500.0
2012-10-10,5.78,5.76,5.8,16794300.0
2012-10-09,5.82,5.76,5.86,16388700.0
2012-10-08,5.82,5.84,5.9,11144500.0
2012-10-05,5.9,5.88,6.03,17263600.0
2012-10-04,5.84,5.88,5.88,14778900.0
2012-10-03,5.88,5.84,5.9,14783500.0
2012-10-02,5.8,5.84,5.84,20219900.0
2012-10-01,6.07,5.76,6.09,40669400.0
2012-09-28,6.05,5.98,6.23,41019800.0
2012-09-27,6.01,6.01,6.07,38639200.0
2012-09-26,6.09,5.94,6.09,33656700.0
2012-09-25,6.34,6.11,6.36,36271200.0
2012-09-24,6.25,6.26,6.26,38107000.0
2012-09-21,6.5,6.36,6.51,26892900.0
2012-09-20,6.57,6.44,6.59,37495900.0
2012-09-19,6.55,6.65,6.71,24783700.0
2012-09-18,6.53,6.48,6.57,18295100.0
2012-09-17,6.69,6.57,6.73,20437100.0
2012-09-14,6.63,6.69,6.8,20525400.0
2012-09-13,6.46,6.59,6.65,30512400.0
2012-09-12,6.38,6.46,6.48,16725000.0
2012-09-11,6.44,6.36,6.48,29081200.0
2012-09-10,6.42,6.4,6.48,21166500.0
2012-09-07,6.55,6.42,6.57,63824900.0
2012-09-06,6.4,6.67,6.69,45887300.0
2012-09-05,6.11,6.19,6.21,29149500.0
2012-09-04,6.21,6.09,6.21,18706900.0
2012-08-31,6.21,6.21,6.3,20650100.0
2012-08-30,6.21,6.17,6.26,18488300.0
2012-08-29,6.21,6.19,6.28,16111300.0
2012-08-28,6.23,6.19,6.3,14263800.0
2012-08-27,6.3,6.23,6.3,13222300.0
2012-08-24,6.23,6.3,6.3,19076600.0
2012-08-23,6.28,6.26,6.3,18181300.0
2012-08-22,6.44,6.32,6.48,26041200.0
2012-08-21,6.46,6.46,6.63,24481500.0
2012-08-20,6.53,6.48,6.59,16021800.0
2012-08-17,6.61,6.57,6.69,14958900.0
2012-08-16,6.55,6.61,6.67,15837900.0
2012-08-15,6.55,6.48,6.59,34554600.0
2012-08-14,6.76,6.55,6.78,27521900.0
2012-08-13,6.76,6.71,6.78,15999100.0
2012-08-10,6.75,6.76,6.84,22000700.0
2012-08-09,6.82,6.8,6.92,20530400.0
2012-08-08,6.75,6.88,6.94,31848700.0
2012-08-07,6.69,6.82,6.98,43058500.0
2012-08-06,6.38,6.57,6.63,26896900.0
2012-08-03,6.32,6.32,6.44,22472200.0
2012-08-02,6.19,6.15,6.3,17632000.0
2012-08-01,6.3,6.26,6.42,23396400.0
2012-07-31,6.21,6.21,6.5,51573800.0
2012-07-30,6.19,6.11,6.23,27533800.0
2012-07-27,6.03,6.28,6.3,23951500.0
2012-07-26,5.92,5.96,6.07,22586300.0
2012-07-25,5.71,5.84,5.92,27639700.0
2012-07-24,5.67,5.73,5.76,32284100.0
2012-07-23,5.71,5.61,5.8,42241400.0
2012-07-20,5.98,5.82,6.13,44481200.0
2012-07-19,5.9,5.78,6.01,23679200.0
2012-07-18,5.69,5.84,5.96,24954300.0
2012-07-17,6.01,5.76,6.07,35517600.0
2012-07-16,6.09,6.0,6.09,27492500.0
2012-07-13,6.13,6.13,6.23,25684400.0
2012-07-12,6.13,6.13,6.17,38542700.0
2012-07-11,6.19,6.21,6.25,33358600.0
2012-07-10,6.42,6.15,6.48,36372300.0
2012-07-09,6.71,6.48,6.82,19842000.0
2012-07-06,6.69,6.71,6.75,22702200.0
2012-07-05,6.84,6.8,6.9,21914500.0
2012-07-03,6.57,6.88,6.92,46397000.0
2012-07-02,6.73,6.55,6.82,51141600.0
2012-06-29,6.09,6.3,6.32,32253900.0
2012-06-28,5.63,5.96,5.98,34680300.0
2012-06-27,5.63,5.71,5.73,13836100.0
2012-06-26,5.61,5.63,5.69,17684200.0
2012-06-25,5.65,5.59,5.73,19795900.0
2012-06-22,5.67,5.73,5.75,33486500.0
2012-06-21,5.92,5.65,5.96,51272200.0
2012-06-20,6.11,6.11,6.19,30272100.0
2012-06-19,6.01,6.09,6.15,22652800.0
2012-06-18,5.8,5.94,6.0,19383900.0
2012-06-15,5.76,5.88,5.9,27553500.0
2012-06-14,5.84,5.76,5.88,32597900.0
2012-06-13,5.9,5.86,5.98,31202500.0
2012-06-12,5.71,5.92,5.94,21282500.0
2012-06-11,5.96,5.71,6.03,21462000.0
2012-06-08,5.65,5.88,5.9,19022300.0
2012-06-07,5.86,5.67,5.88,33187500.0
2012-06-06,5.67,5.75,5.8,35081500.0
2012-06-05,5.4,5.59,5.65,31258900.0
2012-06-04,5.46,5.38,5.55,18704000.0
2012-06-01,5.69,5.44,5.75,30331900.0
2012-05-31,5.98,5.84,5.98,30707900.0
2012-05-30,6.03,5.98,6.05,25220500.0
2012-05-29,6.03,6.11,6.15,20990400.0
2012-05-25,5.76,5.96,6.01,21177100.0
2012-05-24,5.75,5.73,5.82,22189900.0
2012-05-23,5.63,5.75,5.8,25617400.0
2012-05-22,5.8,5.71,5.84,25413200.0
2012-05-21,5.65,5.78,5.8,27203500.0
2012-05-18,6.0,5.63,6.01,33622900.0
2012-05-17,6.15,5.94,6.25,32690400.0
2012-05-16,6.11,6.15,6.53,54051400.0
2012-05-15,6.17,6.01,6.17,44146400.0
2012-05-14,6.21,6.21,6.26,30453100.0
2012-05-11,6.23,6.36,6.4,18440800.0
2012-05-10,6.44,6.28,6.46,25417400.0
2012-05-09,6.13,6.36,6.44,36700200.0
2012-05-08,6.42,6.23,6.42,35849500.0
2012-05-07,6.59,6.5,6.75,36590900.0
2012-05-04,6.65,6.55,6.88,34523000.0
2012-05-03,6.9,6.46,6.96,34534500.0
2012-05-02,6.65,6.82,6.86,28171600.0
2012-05-01,6.57,6.67,6.82,29565100.0
2012-04-30,6.57,6.59,6.67,19132600.0
2012-04-27,6.65,6.57,6.67,23209100.0
2012-04-26,6.5,6.59,6.67,24063100.0
2012-04-25,6.63,6.51,6.69,31170000.0
2012-04-24,6.65,6.51,6.73,28535200.0
2012-04-23,6.55,6.63,6.75,35940900.0
2012-04-20,6.8,6.63,6.84,50173100.0
2012-04-19,7.07,7.01,7.3,31230600.0
2012-04-18,7.15,7.07,7.23,28851500.0
2012-04-17,7.15,7.23,7.32,40078800.0
2012-04-16,7.05,7.11,7.19,56312600.0
2012-04-13,7.07,6.96,7.09,97311100.0
2012-04-12,7.28,7.15,7.55,57618700.0
2012-04-11,7.23,7.17,7.42,22609600.0
2012-04-10,7.32,7.15,7.42,23149500.0
2012-04-09,7.44,7.34,7.46,17380900.0
2012-04-05,7.65,7.59,7.78,19809500.0
2012-04-04,7.75,7.65,7.8,52000600.0
2012-04-03,8.02,7.98,8.09,26508300.0
2012-04-02,8.17,8.1,8.25,27362500.0
2012-03-30,8.52,8.1,8.53,50946900.0
2012-03-29,8.6,8.42,8.76,45879200.0
2012-03-28,8.51,8.64,8.75,35128600.0
2012-03-27,8.32,8.57,8.64,39442300.0
2012-03-26,8.42,8.25,8.43,35598900.0
2012-03-23,8.48,8.39,8.6,47816200.0
2012-03-22,8.72,8.71,8.77,33388600.0
2012-03-21,8.73,8.73,8.97,30788500.0
2012-03-20,8.57,8.56,8.63,18186300.0
2012-03-19,8.76,8.63,8.8,26237300.0
2012-03-16,8.86,8.81,8.89,33081100.0
2012-03-15,8.63,8.82,8.89,34668100.0
2012-03-14,8.68,8.57,8.85,34004800.0
2012-03-13,8.23,8.48,8.5,31182100.0
2012-03-12,8.26,8.07,8.3,19889300.0
2012-03-09,8.15,8.32,8.35,25549500.0
2012-03-08,8.13,8.15,8.23,18794500.0
2012-03-07,8.03,8.09,8.25,32056600.0
2012-03-06,7.96,8.0,8.03,37490200.0
2012-03-05,8.56,8.19,8.59,30167800.0
2012-03-02,8.73,8.64,8.9,24787200.0
2012-03-01,8.59,8.71,8.84,33725100.0
2012-02-29,9.06,8.55,9.1,48164700.0
2012-02-28,8.8,8.88,9.15,71856200.0
2012-02-27,8.35,8.56,8.78,59879300.0
2012-02-24,7.88,7.94,8.06,17292600.0
2012-02-23,8.02,7.82,8.02,31618800.0
2012-02-22,8.21,8.03,8.23,19381700.0
2012-02-21,8.43,8.21,8.46,18768100.0
2012-02-17,8.43,8.43,8.57,18917300.0
2012-02-16,8.38,8.46,8.5,18749000.0
2012-02-15,8.39,8.27,8.55,33448200.0
2012-02-14,7.92,8.34,8.35,41142100.0
2012-02-13,8.02,7.84,8.02,24807300.0
2012-02-10,8.09,7.9,8.1,26191000.0
2012-02-09,8.19,8.15,8.19,27434500.0
2012-02-08,7.94,8.17,8.22,42113700.0
2012-02-07,7.73,7.88,7.92,20245400.0
2012-02-06,7.69,7.73,7.88,32638600.0
2012-02-03,7.88,7.94,7.96,15179500.0
2012-02-02,7.73,7.71,7.8,20660800.0
2012-02-01,7.73,7.69,7.84,26899200.0
2012-01-31,7.59,7.59,7.67,21798900.0
2012-01-30,7.34,7.55,7.59,21759000.0
2012-01-27,7.46,7.42,7.61,29119800.0
2012-01-26,7.76,7.55,7.8,42242300.0
2012-01-25,8.0,7.86,8.03,30951100.0
2012-01-24,7.84,7.94,7.96,29248700.0
2012-01-23,7.78,7.86,8.06,33180100.0
2012-01-20,7.82,7.76,7.98,38677500.0
2012-01-19,7.73,7.88,7.94,43923400.0
2012-01-18,7.25,7.65,7.75,48911100.0
2012-01-17,7.3,7.15,7.38,30684100.0
2012-01-13,7.21,7.23,7.28,29225000.0
2012-01-12,7.21,7.26,7.32,30026700.0
2012-01-11,7.26,7.21,7.28,20210400.0
2012-01-10,7.4,7.25,7.44,26672800.0
2012-01-09,7.23,7.28,7.34,28692200.0
2012-01-06,7.17,7.19,7.32,33006500.0
2012-01-05,6.96,7.15,7.32,53469800.0
2012-01-04,6.69,6.98,7.05,43038500.0
2012-01-03,6.63,6.76,6.96,42035300.0
2011-12-30,6.26,6.28,6.36,15259600.0
2011-12-29,6.17,6.26,6.3,13894400.0
2011-12-28,6.26,6.17,6.32,19365100.0
2011-12-27,6.34,6.25,6.4,13530400.0
2011-12-23,6.48,6.4,6.53,23493200.0
2011-12-22,5.71,6.4,6.55,67720600.0
2011-12-21,5.88,5.53,5.9,26623100.0
2011-12-20,5.59,5.78,5.82,19290700.0
2011-12-19,5.69,5.44,5.73,31607800.0
2011-12-16,5.59,5.67,5.69,23098300.0
2011-12-15,5.53,5.55,5.57,17193800.0
2011-12-14,5.63,5.44,5.73,36992800.0
2011-12-13,5.8,5.61,5.94,20509300.0
2011-12-12,5.71,5.82,5.84,19996300.0
2011-12-09,5.84,5.88,5.98,23982100.0
2011-12-08,5.96,5.82,6.09,32613800.0
2011-12-07,5.61,6.05,6.07,31511900.0
2011-12-06,5.75,5.65,5.76,31710700.0
2011-12-05,5.86,5.73,5.88,26033700.0
2011-12-02,5.98,5.8,6.01,27340600.0
2011-12-01,5.96,5.88,5.98,22135000.0
2011-11-30,5.86,5.98,6.01,19709400.0
2011-11-29,5.63,5.63,5.75,20816100.0
2011-11-28,5.75,5.61,5.86,22267700.0
2011-11-25,5.65,5.5,5.86,18263700.0
2011-11-23,6.03,5.71,6.03,39724000.0
2011-11-22,6.05,6.09,6.36,38105400.0
2011-11-21,6.07,6.09,6.15,41397000.0
2011-11-18,6.36,6.28,6.53,43618300.0
2011-11-17,6.9,6.32,7.0,96098100.0
2011-11-16,5.44,6.73,6.84,72164600.0
2011-11-15,5.3,5.46,5.71,41898700.0
2011-11-14,5.4,5.34,5.42,22943600.0
2011-11-11,5.26,5.42,5.44,19289000.0
2011-11-10,5.5,5.17,5.55,53084800.0
2011-11-09,5.71,5.34,5.71,36730300.0
2011-11-08,5.88,5.9,5.96,23164100.0
2011-11-07,5.8,5.84,5.9,24821000.0
2011-11-04,5.67,5.88,5.94,20811200.0
2011-11-03,5.51,5.84,5.86,32490000.0
2011-11-02,5.4,5.42,5.53,22570800.0
2011-11-01,5.38,5.28,5.46,30226500.0
2011-10-31,5.76,5.59,5.78,23699700.0
2011-10-28,5.67,5.88,5.9,21809600.0
2011-10-27,5.69,5.69,5.76,53855400.0
2011-10-26,5.53,5.46,5.61,50102800.0
2011-10-25,5.61,5.48,5.63,26533800.0
2011-10-24,5.44,5.65,5.67,34548800.0
2011-10-21,5.67,5.46,5.84,39296000.0
2011-10-20,5.51,5.59,5.63,23439600.0
2011-10-19,5.73,5.53,5.84,27546700.0
2011-10-18,5.46,5.76,5.8,31427300.0
2011-10-17,5.63,5.44,5.67,29637900.0
2011-10-14,5.59,5.69,5.69,31319900.0
2011-10-13,5.11,5.51,5.57,37580700.0
2011-10-12,5.28,5.19,5.3,25595000.0
2011-10-11,5.15,5.19,5.28,23823400.0
2011-10-10,5.21,5.15,5.28,26958200.0
2011-10-07,4.94,4.94,5.03,29683000.0
2011-10-06,4.94,4.96,5.0,35914300.0
2011-10-05,4.5,4.94,4.98,53137900.0
2011-10-04,4.19,4.51,4.51,57671800.0
2011-10-03,4.96,4.32,5.03,56806200.0
2011-09-30,5.44,5.03,5.5,63504100.0
2011-09-29,6.13,5.86,6.19,50176800.0
2011-09-28,6.5,6.11,6.5,34898500.0
2011-09-27,6.67,6.46,6.73,32075400.0
2011-09-26,6.67,6.57,6.69,31674900.0
2011-09-23,6.4,6.65,6.76,34163100.0
2011-09-22,6.28,6.42,6.48,46336300.0
2011-09-21,6.88,6.61,6.94,48814200.0
2011-09-20,6.92,6.84,7.09,32775800.0
2011-09-19,6.96,6.88,7.23,57270300.0
2011-09-16,7.09,7.03,7.15,68700200.0
2011-09-15,7.34,7.03,7.42,60702700.0
2011-09-14,6.94,7.19,7.34,68478100.0
2011-09-13,6.88,6.86,6.94,51199200.0
2011-09-12,6.3,6.69,6.71,46726700.0
2011-09-09,6.19,6.34,6.71,54169600.0
2011-09-08,6.03,6.25,6.63,63001600.0
2011-09-07,5.82,6.05,6.07,32666500.0
2011-09-06,5.28,5.67,5.69,24119400.0
2011-09-02,5.59,5.5,5.61,22734400.0
2011-09-01,5.94,5.73,6.05,25641700.0
2011-08-31,6.07,5.9,6.11,33297600.0
2011-08-30,6.01,5.94,6.09,34539300.0
2011-08-29,5.96,6.15,6.15,30866400.0
2011-08-26,5.42,5.65,5.84,48604800.0
2011-08-25,5.32,5.38,5.53,31593800.0
2011-08-24,5.63,5.3,5.65,64872300.0
2011-08-23,5.32,5.65,5.65,33804900.0
2011-08-22,5.4,5.26,5.51,35010000.0
2011-08-19,5.5,5.25,5.65,49901300.0
2011-08-18,5.88,5.63,5.88,45540000.0
2011-08-17,6.34,6.11,6.4,29669900.0
2011-08-16,6.4,6.28,6.46,20070200.0
2011-08-15,6.26,6.48,6.48,23301800.0
2011-08-12,6.4,6.17,6.53,29275400.0
2011-08-11,5.78,6.36,6.5,57387100.0
2011-08-10,5.98,5.71,6.03,57549800.0
2011-08-09,5.96,6.19,6.19,44655700.0
2011-08-08,6.0,5.71,6.19,55283000.0
2011-08-05,6.51,6.3,6.75,55675500.0
2011-08-04,6.8,6.4,6.86,50716700.0
2011-08-03,7.07,6.98,7.11,53044700.0
2011-08-02,7.32,7.03,7.38,35879400.0
2011-08-01,7.57,7.4,7.59,38046900.0
2011-07-29,7.3,7.36,7.53,44891200.0
2011-07-28,7.48,7.42,7.55,31674500.0
2011-07-27,7.8,7.42,7.8,45399600.0
2011-07-26,7.84,7.86,7.98,21586200.0
2011-07-25,7.9,7.88,7.96,25080400.0
2011-07-22,7.71,8.09,8.19,47025800.0
2011-07-21,7.69,7.65,7.75,82188200.0
2011-07-20,7.53,7.59,7.59,29432900.0
2011-07-19,7.28,7.51,7.53,29174400.0
2011-07-18,7.36,7.23,7.55,25876500.0
2011-07-15,7.36,7.4,7.44,23618600.0
2011-07-14,7.51,7.28,7.59,31774800.0
2011-07-13,7.4,7.48,7.76,30414100.0
2011-07-12,7.38,7.3,7.44,28775500.0
2011-07-11,7.55,7.48,7.69,22304000.0
2011-07-08,7.69,7.67,7.78,20454000.0
2011-07-07,7.63,7.82,7.88,23411000.0
2011-07-06,7.73,7.55,7.73,24556000.0
2011-07-05,7.88,7.78,7.98,32206100.0
2011-07-01,7.46,7.82,7.84,30641400.0
2011-06-30,7.53,7.48,7.61,37962400.0
2011-06-29,7.36,7.46,7.59,38048800.0
2011-06-28,7.34,7.34,7.38,28892000.0
2011-06-27,7.25,7.34,7.4,34482700.0
2011-06-24,7.71,7.21,7.76,117825100.0
2011-06-23,8.05,8.43,8.44,56026400.0
2011-06-22,8.14,8.17,8.31,29105100.0
2011-06-21,8.0,8.14,8.18,35254800.0
2011-06-20,7.82,7.9,8.1,32936000.0
2011-06-17,7.98,7.82,8.01,43133500.0
2011-06-16,8.11,7.86,8.13,54514800.0
2011-06-15,8.32,8.06,8.35,44050500.0
2011-06-14,8.39,8.39,8.56,35940800.0
2011-06-13,8.44,8.28,8.59,34694500.0
2011-06-10,8.6,8.43,8.64,46209900.0
2011-06-09,8.52,8.48,8.64,41172000.0
2011-06-08,8.85,8.5,8.86,56114500.0
2011-06-07,9.13,8.94,9.14,42494400.0
2011-06-06,9.17,9.03,9.43,49134700.0
2011-06-03,9.25,9.15,9.38,32043400.0
2011-06-02,9.64,9.4,9.65,45822100.0
2011-06-01,10.02,9.56,10.02,53891800.0
2011-05-31,10.14,10.19,10.22,27196300.0
2011-05-27,9.82,10.02,10.05,25521200.0
2011-05-26,9.59,9.78,9.82,36005200.0
2011-05-25,9.56,9.6,9.64,36418200.0
2011-05-24,9.82,9.61,9.84,23186000.0
2011-05-23,9.81,9.71,9.82,27594900.0
2011-05-20,10.1,10.0,10.17,21763200.0
2011-05-19,10.11,10.17,10.21,34770900.0
2011-05-18,10.02,10.06,10.1,37498700.0
2011-05-17,10.42,9.93,10.48,74861800.0
2011-05-16,10.38,10.55,10.86,38662500.0
2011-05-13,10.65,10.39,10.67,30547500.0
2011-05-12,10.39,10.65,10.72,30700000.0
2011-05-11,10.68,10.4,10.93,40700000.0
2011-05-10,10.5,10.63,10.71,24391600.0
2011-05-09,10.81,10.46,10.85,49677000.0
2011-05-06,11.1,10.86,11.13,22662600.0
2011-05-05,10.67,10.9,11.06,35304000.0
2011-05-04,10.86,10.73,10.97,29570000.0
2011-05-03,11.19,10.89,11.22,37000000.0
2011-05-02,11.36,11.23,11.4,21585500.0
2011-04-29,11.44,11.31,11.44,36678800.0
2011-04-28,11.69,11.47,11.77,37391800.0
2011-04-27,11.6,11.8,11.82,29748500.0
2011-04-26,11.35,11.6,11.64,27400000.0
2011-04-25,11.46,11.32,11.48,20447100.0
2011-04-21,11.47,11.52,11.72,43506100.0
2011-04-20,10.89,11.39,11.4,52613700.0
